ds,product_name,y,region
2024-09-01,Bosch Series 6 Espresso Machine,19.39,Germany_DE
2024-09-02,Bosch Series 6 Espresso Machine,191.54,Germany_DE
2024-09-03,Bosch Series 6 Espresso Machine,190.36,Germany_DE
2024-09-04,Bosch Series 6 Espresso Machine,207.93,Germany_DE
2024-09-05,Bosch Series 6 Espresso Machine,161.92,Germany_DE
2024-09-06,Bosch Series 6 Espresso Machine,177.49,Germany_DE
2024-09-07,Bosch Series 6 Espresso Machine,240.3,Germany_DE
2024-09-08,Bosch Series 6 Espresso Machine,18.42,Germany_DE
2024-09-09,Bosch Series 6 Espresso Machine,187.11,Germany_DE
2024-09-10,Bosch Series 6 Espresso Machine,160.48,Germany_DE
2024-09-11,Bosch Series 6 Espresso Machine,180.49,Germany_DE
2024-09-12,Bosch Series 6 Espresso Machine,175.56,Germany_DE
2024-09-13,Bosch Series 6 Espresso Machine,179.07,Germany_DE
2024-09-14,Bosch Series 6 Espresso Machine,270.76,Germany_DE
2024-09-15,Bosch Series 6 Espresso Machine,16.6,Germany_DE
2024-09-16,Bosch Series 6 Espresso Machine,176.03,Germany_DE
2024-09-17,Bosch Series 6 Espresso Machine,182.79,Germany_DE
2024-09-18,Bosch Series 6 Espresso Machine,162.97,Germany_DE
2024-09-19,Bosch Series 6 Espresso Machine,181.19,Germany_DE
2024-09-20,Bosch Series 6 Espresso Machine,177.69,Germany_DE
2024-09-21,Bosch Series 6 Espresso Machine,301.92,Germany_DE
2024-09-22,Bosch Series 6 Espresso Machine,25.22,Germany_DE
2024-09-23,Bosch Series 6 Espresso Machine,168.12,Germany_DE
2024-09-24,Bosch Series 6 Espresso Machine,217.01,Germany_DE
2024-09-25,Bosch Series 6 Espresso Machine,138.37,Germany_DE
2024-09-26,Bosch Series 6 Espresso Machine,201.47,Germany_DE
2024-09-27,Bosch Series 6 Espresso Machine,194.86,Germany_DE
2024-09-28,Bosch Series 6 Espresso Machine,258.28,Germany_DE
2024-09-29,Bosch Series 6 Espresso Machine,51.15,Germany_DE
2024-09-30,Bosch Series 6 Espresso Machine,187.48,Germany_DE
2024-10-01,Bosch Series 6 Espresso Machine,172.59,Germany_DE
2024-10-02,Bosch Series 6 Espresso Machine,157.46,Germany_DE
2024-10-03,Bosch Series 6 Espresso Machine,192.3,Germany_DE
2024-10-04,Bosch Series 6 Espresso Machine,167.25,Germany_DE
2024-10-05,Bosch Series 6 Espresso Machine,254.97,Germany_DE
2024-10-06,Bosch Series 6 Espresso Machine,23.88,Germany_DE
2024-10-07,Bosch Series 6 Espresso Machine,173.35,Germany_DE
2024-10-08,Bosch Series 6 Espresso Machine,184.37,Germany_DE
2024-10-09,Bosch Series 6 Espresso Machine,179.99,Germany_DE
2024-10-10,Bosch Series 6 Espresso Machine,208.05,Germany_DE
2024-10-11,Bosch Series 6 Espresso Machine,198.53,Germany_DE
2024-10-12,Bosch Series 6 Espresso Machine,282.48,Germany_DE
2024-10-13,Bosch Series 6 Espresso Machine,16.34,Germany_DE
2024-10-14,Bosch Series 6 Espresso Machine,210.06,Germany_DE
2024-10-15,Bosch Series 6 Espresso Machine,202.62,Germany_DE
2024-10-16,Bosch Series 6 Espresso Machine,240.67,Germany_DE
2024-10-17,Bosch Series 6 Espresso Machine,193.49,Germany_DE
2024-10-18,Bosch Series 6 Espresso Machine,221.75,Germany_DE
2024-10-19,Bosch Series 6 Espresso Machine,299.64,Germany_DE
2024-10-20,Bosch Series 6 Espresso Machine,40.88,Germany_DE
2024-10-21,Bosch Series 6 Espresso Machine,160.92,Germany_DE
2024-10-22,Bosch Series 6 Espresso Machine,206.33,Germany_DE
2024-10-23,Bosch Series 6 Espresso Machine,175.83,Germany_DE
2024-10-24,Bosch Series 6 Espresso Machine,183.26,Germany_DE
2024-10-25,Bosch Series 6 Espresso Machine,193.5,Germany_DE
2024-10-26,Bosch Series 6 Espresso Machine,290.53,Germany_DE
2024-10-27,Bosch Series 6 Espresso Machine,13.67,Germany_DE
2024-10-28,Bosch Series 6 Espresso Machine,181.12,Germany_DE
2024-10-29,Bosch Series 6 Espresso Machine,216.58,Germany_DE
2024-10-30,Bosch Series 6 Espresso Machine,212.47,Germany_DE
2024-10-31,Bosch Series 6 Espresso Machine,213.86,Germany_DE
2024-11-01,Bosch Series 6 Espresso Machine,204.36,Germany_DE
2024-11-02,Bosch Series 6 Espresso Machine,315.94,Germany_DE
2024-11-03,Bosch Series 6 Espresso Machine,56.55,Germany_DE
2024-11-04,Bosch Series 6 Espresso Machine,200.62,Germany_DE
2024-11-05,Bosch Series 6 Espresso Machine,228.35,Germany_DE
2024-11-06,Bosch Series 6 Espresso Machine,201.23,Germany_DE
2024-11-07,Bosch Series 6 Espresso Machine,191.86,Germany_DE
2024-11-08,Bosch Series 6 Espresso Machine,232.62,Germany_DE
2024-11-09,Bosch Series 6 Espresso Machine,335.0,Germany_DE
2024-11-10,Bosch Series 6 Espresso Machine,28.01,Germany_DE
2024-11-11,Bosch Series 6 Espresso Machine,224.64,Germany_DE
2024-11-12,Bosch Series 6 Espresso Machine,172.19,Germany_DE
2024-11-13,Bosch Series 6 Espresso Machine,235.69,Germany_DE
2024-11-14,Bosch Series 6 Espresso Machine,196.86,Germany_DE
2024-11-15,Bosch Series 6 Espresso Machine,232.47,Germany_DE
2024-11-16,Bosch Series 6 Espresso Machine,306.56,Germany_DE
2024-11-17,Bosch Series 6 Espresso Machine,74.8,Germany_DE
2024-11-18,Bosch Series 6 Espresso Machine,193.03,Germany_DE
2024-11-19,Bosch Series 6 Espresso Machine,216.34,Germany_DE
2024-11-20,Bosch Series 6 Espresso Machine,222.09,Germany_DE
2024-11-21,Bosch Series 6 Espresso Machine,243.86,Germany_DE
2024-11-22,Bosch Series 6 Espresso Machine,261.88,Germany_DE
2024-11-23,Bosch Series 6 Espresso Machine,339.79,Germany_DE
2024-11-24,Bosch Series 6 Espresso Machine,83.52,Germany_DE
2024-11-25,Bosch Series 6 Espresso Machine,209.61,Germany_DE
2024-11-26,Bosch Series 6 Espresso Machine,203.22,Germany_DE
2024-11-27,Bosch Series 6 Espresso Machine,236.83,Germany_DE
2024-11-28,Bosch Series 6 Espresso Machine,237.18,Germany_DE
2024-11-29,Bosch Series 6 Espresso Machine,248.08,Germany_DE
2024-11-30,Bosch Series 6 Espresso Machine,552.29,Germany_DE
2024-12-01,Bosch Series 6 Espresso Machine,294.89,Germany_DE
2024-12-02,Bosch Series 6 Espresso Machine,411.02,Germany_DE
2024-12-03,Bosch Series 6 Espresso Machine,459.71,Germany_DE
2024-12-04,Bosch Series 6 Espresso Machine,441.27,Germany_DE
2024-12-05,Bosch Series 6 Espresso Machine,425.79,Germany_DE
2024-12-06,Bosch Series 6 Espresso Machine,438.13,Germany_DE
2024-12-07,Bosch Series 6 Espresso Machine,520.8,Germany_DE
2024-12-08,Bosch Series 6 Espresso Machine,291.44,Germany_DE
2024-12-09,Bosch Series 6 Espresso Machine,466.1,Germany_DE
2024-12-10,Bosch Series 6 Espresso Machine,446.1,Germany_DE
2024-12-11,Bosch Series 6 Espresso Machine,437.0,Germany_DE
2024-12-12,Bosch Series 6 Espresso Machine,450.65,Germany_DE
2024-12-13,Bosch Series 6 Espresso Machine,466.62,Germany_DE
2024-12-14,Bosch Series 6 Espresso Machine,532.82,Germany_DE
2024-12-15,Bosch Series 6 Espresso Machine,289.03,Germany_DE
2024-12-16,Bosch Series 6 Espresso Machine,464.76,Germany_DE
2024-12-17,Bosch Series 6 Espresso Machine,438.85,Germany_DE
2024-12-18,Bosch Series 6 Espresso Machine,504.36,Germany_DE
2024-12-19,Bosch Series 6 Espresso Machine,464.02,Germany_DE
2024-12-20,Bosch Series 6 Espresso Machine,450.58,Germany_DE
2024-12-21,Bosch Series 6 Espresso Machine,354.8,Germany_DE
2024-12-22,Bosch Series 6 Espresso Machine,111.13,Germany_DE
2024-12-23,Bosch Series 6 Espresso Machine,262.24,Germany_DE
2024-12-24,Bosch Series 6 Espresso Machine,233.45,Germany_DE
2024-12-25,Bosch Series 6 Espresso Machine,302.2,Germany_DE
2024-12-26,Bosch Series 6 Espresso Machine,278.27,Germany_DE
2024-12-27,Bosch Series 6 Espresso Machine,279.68,Germany_DE
2024-12-28,Bosch Series 6 Espresso Machine,399.04,Germany_DE
2024-12-29,Bosch Series 6 Espresso Machine,111.24,Germany_DE
2024-12-30,Bosch Series 6 Espresso Machine,270.02,Germany_DE
2024-12-31,Bosch Series 6 Espresso Machine,295.99,Germany_DE
2025-01-01,Bosch Series 6 Espresso Machine,285.83,Germany_DE
2025-01-02,Bosch Series 6 Espresso Machine,295.67,Germany_DE
2025-01-03,Bosch Series 6 Espresso Machine,288.82,Germany_DE
2025-01-04,Bosch Series 6 Espresso Machine,388.04,Germany_DE
2025-01-05,Bosch Series 6 Espresso Machine,171.19,Germany_DE
2025-01-06,Bosch Series 6 Espresso Machine,316.68,Germany_DE
2025-01-07,Bosch Series 6 Espresso Machine,247.04,Germany_DE
2025-01-08,Bosch Series 6 Espresso Machine,328.26,Germany_DE
2025-01-09,Bosch Series 6 Espresso Machine,343.47,Germany_DE
2025-01-10,Bosch Series 6 Espresso Machine,326.57,Germany_DE
2025-01-11,Bosch Series 6 Espresso Machine,400.08,Germany_DE
2025-01-12,Bosch Series 6 Espresso Machine,140.2,Germany_DE
2025-01-13,Bosch Series 6 Espresso Machine,321.37,Germany_DE
2025-01-14,Bosch Series 6 Espresso Machine,296.05,Germany_DE
2025-01-15,Bosch Series 6 Espresso Machine,317.16,Germany_DE
2025-01-16,Bosch Series 6 Espresso Machine,311.21,Germany_DE
2025-01-17,Bosch Series 6 Espresso Machine,337.6,Germany_DE
2025-01-18,Bosch Series 6 Espresso Machine,407.84,Germany_DE
2025-01-19,Bosch Series 6 Espresso Machine,156.36,Germany_DE
2025-01-20,Bosch Series 6 Espresso Machine,325.56,Germany_DE
2025-01-21,Bosch Series 6 Espresso Machine,358.24,Germany_DE
2025-01-22,Bosch Series 6 Espresso Machine,322.74,Germany_DE
2025-01-23,Bosch Series 6 Espresso Machine,314.35,Germany_DE
2025-01-24,Bosch Series 6 Espresso Machine,341.37,Germany_DE
2025-01-25,Bosch Series 6 Espresso Machine,440.91,Germany_DE
2025-01-26,Bosch Series 6 Espresso Machine,157.04,Germany_DE
2025-01-27,Bosch Series 6 Espresso Machine,318.06,Germany_DE
2025-01-28,Bosch Series 6 Espresso Machine,352.22,Germany_DE
2025-01-29,Bosch Series 6 Espresso Machine,340.34,Germany_DE
2025-01-30,Bosch Series 6 Espresso Machine,283.87,Germany_DE
2025-01-31,Bosch Series 6 Espresso Machine,344.37,Germany_DE
2025-02-01,Bosch Series 6 Espresso Machine,455.51,Germany_DE
2025-02-02,Bosch Series 6 Espresso Machine,169.68,Germany_DE
2025-02-03,Bosch Series 6 Espresso Machine,352.6,Germany_DE
2025-02-04,Bosch Series 6 Espresso Machine,377.92,Germany_DE
2025-02-05,Bosch Series 6 Espresso Machine,349.81,Germany_DE
2025-02-06,Bosch Series 6 Espresso Machine,330.76,Germany_DE
2025-02-07,Bosch Series 6 Espresso Machine,334.2,Germany_DE
2025-02-08,Bosch Series 6 Espresso Machine,447.07,Germany_DE
2025-02-09,Bosch Series 6 Espresso Machine,203.71,Germany_DE
2025-02-10,Bosch Series 6 Espresso Machine,349.95,Germany_DE
2025-02-11,Bosch Series 6 Espresso Machine,360.04,Germany_DE
2025-02-12,Bosch Series 6 Espresso Machine,348.37,Germany_DE
2025-02-13,Bosch Series 6 Espresso Machine,356.21,Germany_DE
2025-02-14,Bosch Series 6 Espresso Machine,373.16,Germany_DE
2025-02-15,Bosch Series 6 Espresso Machine,434.62,Germany_DE
2025-02-16,Bosch Series 6 Espresso Machine,207.33,Germany_DE
2025-02-17,Bosch Series 6 Espresso Machine,359.68,Germany_DE
2025-02-18,Bosch Series 6 Espresso Machine,377.18,Germany_DE
2025-02-19,Bosch Series 6 Espresso Machine,355.42,Germany_DE
2025-02-20,Bosch Series 6 Espresso Machine,374.18,Germany_DE
2025-02-21,Bosch Series 6 Espresso Machine,384.32,Germany_DE
2025-02-22,Bosch Series 6 Espresso Machine,427.2,Germany_DE
2025-02-23,Bosch Series 6 Espresso Machine,236.68,Germany_DE
2025-02-24,Bosch Series 6 Espresso Machine,345.89,Germany_DE
2025-02-25,Bosch Series 6 Espresso Machine,344.79,Germany_DE
2025-02-26,Bosch Series 6 Espresso Machine,310.13,Germany_DE
2025-02-27,Bosch Series 6 Espresso Machine,352.69,Germany_DE
2025-02-28,Bosch Series 6 Espresso Machine,369.67,Germany_DE
2025-03-01,Bosch Series 6 Espresso Machine,463.89,Germany_DE
2025-03-02,Bosch Series 6 Espresso Machine,211.28,Germany_DE
2025-03-03,Bosch Series 6 Espresso Machine,350.43,Germany_DE
2025-03-04,Bosch Series 6 Espresso Machine,390.95,Germany_DE
2025-03-05,Bosch Series 6 Espresso Machine,393.69,Germany_DE
2025-03-06,Bosch Series 6 Espresso Machine,383.77,Germany_DE
2025-03-07,Bosch Series 6 Espresso Machine,338.54,Germany_DE
2025-03-08,Bosch Series 6 Espresso Machine,523.39,Germany_DE
2025-03-09,Bosch Series 6 Espresso Machine,229.68,Germany_DE
2025-03-10,Bosch Series 6 Espresso Machine,389.54,Germany_DE
2025-03-11,Bosch Series 6 Espresso Machine,349.56,Germany_DE
2025-03-12,Bosch Series 6 Espresso Machine,380.06,Germany_DE
2025-03-13,Bosch Series 6 Espresso Machine,389.29,Germany_DE
2025-03-14,Bosch Series 6 Espresso Machine,378.92,Germany_DE
2025-03-15,Bosch Series 6 Espresso Machine,500.67,Germany_DE
2025-03-16,Bosch Series 6 Espresso Machine,257.9,Germany_DE
2025-03-17,Bosch Series 6 Espresso Machine,356.87,Germany_DE
2025-03-18,Bosch Series 6 Espresso Machine,401.36,Germany_DE
2025-03-19,Bosch Series 6 Espresso Machine,392.85,Germany_DE
2025-03-20,Bosch Series 6 Espresso Machine,385.44,Germany_DE
2025-03-21,Bosch Series 6 Espresso Machine,354.67,Germany_DE
2025-03-22,Bosch Series 6 Espresso Machine,517.02,Germany_DE
2025-03-23,Bosch Series 6 Espresso Machine,243.86,Germany_DE
2025-03-24,Bosch Series 6 Espresso Machine,351.94,Germany_DE
2025-03-25,Bosch Series 6 Espresso Machine,383.21,Germany_DE
2025-03-26,Bosch Series 6 Espresso Machine,395.05,Germany_DE
2025-03-27,Bosch Series 6 Espresso Machine,399.05,Germany_DE
2025-03-28,Bosch Series 6 Espresso Machine,386.75,Germany_DE
2025-03-29,Bosch Series 6 Espresso Machine,497.3,Germany_DE
2025-03-30,Bosch Series 6 Espresso Machine,281.19,Germany_DE
2025-03-31,Bosch Series 6 Espresso Machine,421.26,Germany_DE
2025-04-01,Bosch Series 6 Espresso Machine,371.64,Germany_DE
2025-04-02,Bosch Series 6 Espresso Machine,378.96,Germany_DE
2025-04-03,Bosch Series 6 Espresso Machine,388.92,Germany_DE
2025-04-04,Bosch Series 6 Espresso Machine,356.39,Germany_DE
2025-04-05,Bosch Series 6 Espresso Machine,465.54,Germany_DE
2025-04-06,Bosch Series 6 Espresso Machine,208.11,Germany_DE
2025-04-07,Bosch Series 6 Espresso Machine,368.94,Germany_DE
2025-04-08,Bosch Series 6 Espresso Machine,419.82,Germany_DE
2025-04-09,Bosch Series 6 Espresso Machine,375.02,Germany_DE
2025-04-10,Bosch Series 6 Espresso Machine,371.67,Germany_DE
2025-04-11,Bosch Series 6 Espresso Machine,409.93,Germany_DE
2025-04-12,Bosch Series 6 Espresso Machine,484.12,Germany_DE
2025-04-13,Bosch Series 6 Espresso Machine,249.49,Germany_DE
2025-04-14,Bosch Series 6 Espresso Machine,377.74,Germany_DE
2025-04-15,Bosch Series 6 Espresso Machine,356.23,Germany_DE
2025-04-16,Bosch Series 6 Espresso Machine,401.56,Germany_DE
2025-04-17,Bosch Series 6 Espresso Machine,361.1,Germany_DE
2025-04-18,Bosch Series 6 Espresso Machine,381.82,Germany_DE
2025-04-19,Bosch Series 6 Espresso Machine,478.04,Germany_DE
2025-04-20,Bosch Series 6 Espresso Machine,244.46,Germany_DE
2025-04-21,Bosch Series 6 Espresso Machine,380.46,Germany_DE
2025-04-22,Bosch Series 6 Espresso Machine,388.83,Germany_DE
2025-04-23,Bosch Series 6 Espresso Machine,359.96,Germany_DE
2025-04-24,Bosch Series 6 Espresso Machine,430.94,Germany_DE
2025-04-25,Bosch Series 6 Espresso Machine,366.67,Germany_DE
2025-04-26,Bosch Series 6 Espresso Machine,515.22,Germany_DE
2025-04-27,Bosch Series 6 Espresso Machine,241.88,Germany_DE
2025-04-28,Bosch Series 6 Espresso Machine,392.58,Germany_DE
2025-04-29,Bosch Series 6 Espresso Machine,396.5,Germany_DE
2025-04-30,Bosch Series 6 Espresso Machine,351.44,Germany_DE
2025-05-01,Bosch Series 6 Espresso Machine,407.99,Germany_DE
2025-05-02,Bosch Series 6 Espresso Machine,378.03,Germany_DE
2025-05-03,Bosch Series 6 Espresso Machine,512.83,Germany_DE
2025-05-04,Bosch Series 6 Espresso Machine,233.15,Germany_DE
2025-05-05,Bosch Series 6 Espresso Machine,379.41,Germany_DE
2025-05-06,Bosch Series 6 Espresso Machine,360.59,Germany_DE
2025-05-07,Bosch Series 6 Espresso Machine,370.6,Germany_DE
2025-05-08,Bosch Series 6 Espresso Machine,393.82,Germany_DE
2025-05-09,Bosch Series 6 Espresso Machine,358.67,Germany_DE
2025-05-10,Bosch Series 6 Espresso Machine,445.25,Germany_DE
2025-05-11,Bosch Series 6 Espresso Machine,215.33,Germany_DE
2025-05-12,Bosch Series 6 Espresso Machine,399.88,Germany_DE
2025-05-13,Bosch Series 6 Espresso Machine,418.08,Germany_DE
2025-05-14,Bosch Series 6 Espresso Machine,368.27,Germany_DE
2025-05-15,Bosch Series 6 Espresso Machine,350.18,Germany_DE
2025-05-16,Bosch Series 6 Espresso Machine,373.62,Germany_DE
2025-05-17,Bosch Series 6 Espresso Machine,484.27,Germany_DE
2025-05-18,Bosch Series 6 Espresso Machine,239.45,Germany_DE
2025-05-19,Bosch Series 6 Espresso Machine,421.06,Germany_DE
2025-05-20,Bosch Series 6 Espresso Machine,382.16,Germany_DE
2025-05-21,Bosch Series 6 Espresso Machine,409.98,Germany_DE
2025-05-22,Bosch Series 6 Espresso Machine,366.84,Germany_DE
2025-05-23,Bosch Series 6 Espresso Machine,377.04,Germany_DE
2025-05-24,Bosch Series 6 Espresso Machine,463.45,Germany_DE
2025-05-25,Bosch Series 6 Espresso Machine,208.89,Germany_DE
2025-05-26,Bosch Series 6 Espresso Machine,367.59,Germany_DE
2025-05-27,Bosch Series 6 Espresso Machine,366.4,Germany_DE
2025-05-28,Bosch Series 6 Espresso Machine,359.08,Germany_DE
2025-05-29,Bosch Series 6 Espresso Machine,359.3,Germany_DE
2025-05-30,Bosch Series 6 Espresso Machine,391.34,Germany_DE
2025-05-31,Bosch Series 6 Espresso Machine,511.57,Germany_DE
2025-06-01,Bosch Series 6 Espresso Machine,206.43,Germany_DE
2025-06-02,Bosch Series 6 Espresso Machine,360.19,Germany_DE
2025-06-03,Bosch Series 6 Espresso Machine,376.23,Germany_DE
2025-06-04,Bosch Series 6 Espresso Machine,428.54,Germany_DE
2025-06-05,Bosch Series 6 Espresso Machine,365.53,Germany_DE
2025-06-06,Bosch Series 6 Espresso Machine,382.33,Germany_DE
2025-06-07,Bosch Series 6 Espresso Machine,493.59,Germany_DE
2025-06-08,Bosch Series 6 Espresso Machine,216.6,Germany_DE
2025-06-09,Bosch Series 6 Espresso Machine,378.45,Germany_DE
2025-06-10,Bosch Series 6 Espresso Machine,371.08,Germany_DE
2025-06-11,Bosch Series 6 Espresso Machine,378.56,Germany_DE
2025-06-12,Bosch Series 6 Espresso Machine,336.2,Germany_DE
2025-06-13,Bosch Series 6 Espresso Machine,359.95,Germany_DE
2025-06-14,Bosch Series 6 Espresso Machine,465.25,Germany_DE
2025-06-15,Bosch Series 6 Espresso Machine,211.93,Germany_DE
2025-06-16,Bosch Series 6 Espresso Machine,375.48,Germany_DE
2025-06-17,Bosch Series 6 Espresso Machine,360.62,Germany_DE
2025-06-18,Bosch Series 6 Espresso Machine,327.72,Germany_DE
2025-06-19,Bosch Series 6 Espresso Machine,361.38,Germany_DE
2025-06-20,Bosch Series 6 Espresso Machine,330.82,Germany_DE
2025-06-21,Bosch Series 6 Espresso Machine,434.22,Germany_DE
2025-06-22,Bosch Series 6 Espresso Machine,186.76,Germany_DE
2025-06-23,Bosch Series 6 Espresso Machine,343.02,Germany_DE
2025-06-24,Bosch Series 6 Espresso Machine,313.28,Germany_DE
2025-06-25,Bosch Series 6 Espresso Machine,365.4,Germany_DE
2025-06-26,Bosch Series 6 Espresso Machine,318.86,Germany_DE
2025-06-27,Bosch Series 6 Espresso Machine,372.28,Germany_DE
2025-06-28,Bosch Series 6 Espresso Machine,418.08,Germany_DE
2025-06-29,Bosch Series 6 Espresso Machine,213.12,Germany_DE
2025-06-30,Bosch Series 6 Espresso Machine,337.01,Germany_DE
2025-07-01,Bosch Series 6 Espresso Machine,302.15,Germany_DE
2025-07-02,Bosch Series 6 Espresso Machine,314.52,Germany_DE
2025-07-03,Bosch Series 6 Espresso Machine,360.81,Germany_DE
2025-07-04,Bosch Series 6 Espresso Machine,342.15,Germany_DE
2025-07-05,Bosch Series 6 Espresso Machine,431.31,Germany_DE
2025-07-06,Bosch Series 6 Espresso Machine,135.45,Germany_DE
2025-07-07,Bosch Series 6 Espresso Machine,357.68,Germany_DE
2025-07-08,Bosch Series 6 Espresso Machine,366.2,Germany_DE
2025-07-09,Bosch Series 6 Espresso Machine,361.47,Germany_DE
2025-07-10,Bosch Series 6 Espresso Machine,314.31,Germany_DE
2025-07-11,Bosch Series 6 Espresso Machine,333.19,Germany_DE
2025-07-12,Bosch Series 6 Espresso Machine,435.1,Germany_DE
2025-07-13,Bosch Series 6 Espresso Machine,141.63,Germany_DE
2025-07-14,Bosch Series 6 Espresso Machine,325.92,Germany_DE
2025-07-15,Bosch Series 6 Espresso Machine,342.66,Germany_DE
2025-07-16,Bosch Series 6 Espresso Machine,335.47,Germany_DE
2025-07-17,Bosch Series 6 Espresso Machine,296.9,Germany_DE
2025-07-18,Bosch Series 6 Espresso Machine,300.82,Germany_DE
2025-07-19,Bosch Series 6 Espresso Machine,433.65,Germany_DE
2025-07-20,Bosch Series 6 Espresso Machine,177.46,Germany_DE
2025-07-21,Bosch Series 6 Espresso Machine,269.89,Germany_DE
2025-07-22,Bosch Series 6 Espresso Machine,264.82,Germany_DE
2025-07-23,Bosch Series 6 Espresso Machine,311.41,Germany_DE
2025-07-24,Bosch Series 6 Espresso Machine,300.14,Germany_DE
2025-07-25,Bosch Series 6 Espresso Machine,304.98,Germany_DE
2025-07-26,Bosch Series 6 Espresso Machine,402.53,Germany_DE
2025-07-27,Bosch Series 6 Espresso Machine,177.46,Germany_DE
2025-07-28,Bosch Series 6 Espresso Machine,310.09,Germany_DE
2025-07-29,Bosch Series 6 Espresso Machine,312.42,Germany_DE
2025-07-30,Bosch Series 6 Espresso Machine,279.27,Germany_DE
2025-07-31,Bosch Series 6 Espresso Machine,237.91,Germany_DE
2025-08-01,Bosch Series 6 Espresso Machine,326.74,Germany_DE
2025-08-02,Bosch Series 6 Espresso Machine,447.02,Germany_DE
2025-08-03,Bosch Series 6 Espresso Machine,144.41,Germany_DE
2025-08-04,Bosch Series 6 Espresso Machine,306.56,Germany_DE
2025-08-05,Bosch Series 6 Espresso Machine,307.19,Germany_DE
2025-08-06,Bosch Series 6 Espresso Machine,333.35,Germany_DE
2025-08-07,Bosch Series 6 Espresso Machine,316.78,Germany_DE
2025-08-08,Bosch Series 6 Espresso Machine,308.09,Germany_DE
2025-08-09,Bosch Series 6 Espresso Machine,399.27,Germany_DE
2025-08-10,Bosch Series 6 Espresso Machine,146.56,Germany_DE
2025-08-11,Bosch Series 6 Espresso Machine,266.98,Germany_DE
2025-08-12,Bosch Series 6 Espresso Machine,287.33,Germany_DE
2025-08-13,Bosch Series 6 Espresso Machine,311.96,Germany_DE
2025-08-14,Bosch Series 6 Espresso Machine,288.82,Germany_DE
2025-08-15,Bosch Series 6 Espresso Machine,293.66,Germany_DE
2025-08-16,Bosch Series 6 Espresso Machine,369.34,Germany_DE
2025-08-17,Bosch Series 6 Espresso Machine,149.09,Germany_DE
2025-08-18,Bosch Series 6 Espresso Machine,261.47,Germany_DE
2025-08-19,Bosch Series 6 Espresso Machine,295.84,Germany_DE
2025-08-20,Bosch Series 6 Espresso Machine,285.66,Germany_DE
2025-08-21,Bosch Series 6 Espresso Machine,253.92,Germany_DE
2025-08-22,Bosch Series 6 Espresso Machine,309.57,Germany_DE
2025-08-23,Bosch Series 6 Espresso Machine,385.12,Germany_DE
2025-08-24,Bosch Series 6 Espresso Machine,173.05,Germany_DE
2025-08-25,Bosch Series 6 Espresso Machine,316.05,Germany_DE
2025-08-26,Bosch Series 6 Espresso Machine,268.37,Germany_DE
2025-08-27,Bosch Series 6 Espresso Machine,269.61,Germany_DE
2025-08-28,Bosch Series 6 Espresso Machine,261.52,Germany_DE
2025-08-29,Bosch Series 6 Espresso Machine,252.76,Germany_DE
2025-08-30,Bosch Series 6 Espresso Machine,376.4,Germany_DE
2025-08-31,Bosch Series 6 Espresso Machine,161.29,Germany_DE
2025-09-01,Bosch Series 6 Espresso Machine,244.9,Germany_DE
2025-09-02,Bosch Series 6 Espresso Machine,299.85,Germany_DE
2025-09-03,Bosch Series 6 Espresso Machine,297.81,Germany_DE
2025-09-04,Bosch Series 6 Espresso Machine,293.19,Germany_DE
2025-09-05,Bosch Series 6 Espresso Machine,296.44,Germany_DE
2025-09-06,Bosch Series 6 Espresso Machine,360.19,Germany_DE
2025-09-07,Bosch Series 6 Espresso Machine,145.22,Germany_DE
2025-09-08,Bosch Series 6 Espresso Machine,269.95,Germany_DE
2025-09-09,Bosch Series 6 Espresso Machine,231.51,Germany_DE
2025-09-10,Bosch Series 6 Espresso Machine,281.62,Germany_DE
2025-09-11,Bosch Series 6 Espresso Machine,263.4,Germany_DE
2025-09-12,Bosch Series 6 Espresso Machine,307.29,Germany_DE
2025-09-13,Bosch Series 6 Espresso Machine,375.04,Germany_DE
2025-09-14,Bosch Series 6 Espresso Machine,129.55,Germany_DE
2025-09-15,Bosch Series 6 Espresso Machine,287.52,Germany_DE
2025-09-16,Bosch Series 6 Espresso Machine,274.3,Germany_DE
2025-09-17,Bosch Series 6 Espresso Machine,277.52,Germany_DE
2025-09-18,Bosch Series 6 Espresso Machine,296.43,Germany_DE
2025-09-19,Bosch Series 6 Espresso Machine,258.22,Germany_DE
2025-09-20,Bosch Series 6 Espresso Machine,366.32,Germany_DE
2025-09-21,Bosch Series 6 Espresso Machine,109.05,Germany_DE
2025-09-22,Bosch Series 6 Espresso Machine,308.39,Germany_DE
2025-09-23,Bosch Series 6 Espresso Machine,265.7,Germany_DE
2025-09-24,Bosch Series 6 Espresso Machine,276.97,Germany_DE
2025-09-25,Bosch Series 6 Espresso Machine,267.95,Germany_DE
2025-09-26,Bosch Series 6 Espresso Machine,273.96,Germany_DE
2025-09-27,Bosch Series 6 Espresso Machine,366.35,Germany_DE
2025-09-28,Bosch Series 6 Espresso Machine,138.55,Germany_DE
2025-09-29,Bosch Series 6 Espresso Machine,259.9,Germany_DE
2025-09-30,Bosch Series 6 Espresso Machine,253.92,Germany_DE
2025-10-01,Bosch Series 6 Espresso Machine,270.07,Germany_DE
2025-10-02,Bosch Series 6 Espresso Machine,265.56,Germany_DE
2025-10-03,Bosch Series 6 Espresso Machine,255.09,Germany_DE
2025-10-04,Bosch Series 6 Espresso Machine,376.52,Germany_DE
2025-10-05,Bosch Series 6 Espresso Machine,98.15,Germany_DE
2025-10-06,Bosch Series 6 Espresso Machine,317.5,Germany_DE
2025-10-07,Bosch Series 6 Espresso Machine,253.5,Germany_DE
2025-10-08,Bosch Series 6 Espresso Machine,270.87,Germany_DE
2025-10-09,Bosch Series 6 Espresso Machine,276.18,Germany_DE
2025-10-10,Bosch Series 6 Espresso Machine,318.43,Germany_DE
2025-10-11,Bosch Series 6 Espresso Machine,351.44,Germany_DE
2025-10-12,Bosch Series 6 Espresso Machine,137.41,Germany_DE
2025-10-13,Bosch Series 6 Espresso Machine,307.07,Germany_DE
2025-10-14,Bosch Series 6 Espresso Machine,280.71,Germany_DE
2025-10-15,Bosch Series 6 Espresso Machine,264.1,Germany_DE
2025-10-16,Bosch Series 6 Espresso Machine,285.96,Germany_DE
2025-10-17,Bosch Series 6 Espresso Machine,319.31,Germany_DE
2025-10-18,Bosch Series 6 Espresso Machine,377.92,Germany_DE
2025-10-19,Bosch Series 6 Espresso Machine,167.65,Germany_DE
2025-10-20,Bosch Series 6 Espresso Machine,296.01,Germany_DE
2025-10-21,Bosch Series 6 Espresso Machine,316.23,Germany_DE
2025-10-22,Bosch Series 6 Espresso Machine,296.71,Germany_DE
2025-10-23,Bosch Series 6 Espresso Machine,283.43,Germany_DE
2025-10-24,Bosch Series 6 Espresso Machine,326.69,Germany_DE
2025-10-25,Bosch Series 6 Espresso Machine,400.05,Germany_DE
2025-10-26,Bosch Series 6 Espresso Machine,147.72,Germany_DE
2025-10-27,Bosch Series 6 Espresso Machine,312.61,Germany_DE
2025-10-28,Bosch Series 6 Espresso Machine,315.83,Germany_DE
2025-10-29,Bosch Series 6 Espresso Machine,314.51,Germany_DE
2025-10-30,Bosch Series 6 Espresso Machine,272.17,Germany_DE
2025-10-31,Bosch Series 6 Espresso Machine,287.39,Germany_DE
2025-11-01,Bosch Series 6 Espresso Machine,388.78,Germany_DE
2025-11-02,Bosch Series 6 Espresso Machine,135.32,Germany_DE
2025-11-03,Bosch Series 6 Espresso Machine,285.67,Germany_DE
2025-11-04,Bosch Series 6 Espresso Machine,290.72,Germany_DE
2025-11-05,Bosch Series 6 Espresso Machine,311.91,Germany_DE
2025-11-06,Bosch Series 6 Espresso Machine,316.16,Germany_DE
2025-11-07,Bosch Series 6 Espresso Machine,307.33,Germany_DE
2025-11-08,Bosch Series 6 Espresso Machine,400.75,Germany_DE
2025-11-09,Bosch Series 6 Espresso Machine,183.91,Germany_DE
2025-11-10,Bosch Series 6 Espresso Machine,308.91,Germany_DE
2025-11-11,Bosch Series 6 Espresso Machine,330.65,Germany_DE
2025-11-12,Bosch Series 6 Espresso Machine,301.71,Germany_DE
2025-11-13,Bosch Series 6 Espresso Machine,322.57,Germany_DE
2025-11-14,Bosch Series 6 Espresso Machine,342.35,Germany_DE
2025-11-15,Bosch Series 6 Espresso Machine,365.37,Germany_DE
2025-11-16,Bosch Series 6 Espresso Machine,153.7,Germany_DE
2025-11-17,Bosch Series 6 Espresso Machine,331.14,Germany_DE
2025-11-18,Bosch Series 6 Espresso Machine,344.81,Germany_DE
2025-11-19,Bosch Series 6 Espresso Machine,325.92,Germany_DE
2025-11-20,Bosch Series 6 Espresso Machine,324.16,Germany_DE
2025-11-21,Bosch Series 6 Espresso Machine,356.72,Germany_DE
2025-11-22,Bosch Series 6 Espresso Machine,452.13,Germany_DE
2025-11-23,Bosch Series 6 Espresso Machine,158.64,Germany_DE
2025-11-24,Bosch Series 6 Espresso Machine,330.92,Germany_DE
2025-11-25,Bosch Series 6 Espresso Machine,337.18,Germany_DE
2025-11-26,Bosch Series 6 Espresso Machine,365.76,Germany_DE
2025-11-27,Bosch Series 6 Espresso Machine,350.12,Germany_DE
2025-11-28,Bosch Series 6 Espresso Machine,332.16,Germany_DE
2025-11-29,Bosch Series 6 Espresso Machine,440.88,Germany_DE
2025-11-30,Bosch Series 6 Espresso Machine,148.26,Germany_DE
2025-12-01,Bosch Series 6 Espresso Machine,557.97,Germany_DE
2025-12-02,Bosch Series 6 Espresso Machine,553.0,Germany_DE
2025-12-03,Bosch Series 6 Espresso Machine,565.82,Germany_DE
2025-12-04,Bosch Series 6 Espresso Machine,540.19,Germany_DE
2025-12-05,Bosch Series 6 Espresso Machine,547.15,Germany_DE
2025-12-06,Bosch Series 6 Espresso Machine,637.28,Germany_DE
2025-12-07,Bosch Series 6 Espresso Machine,373.48,Germany_DE
2025-12-08,Bosch Series 6 Espresso Machine,537.14,Germany_DE
2025-12-09,Bosch Series 6 Espresso Machine,514.35,Germany_DE
2025-12-10,Bosch Series 6 Espresso Machine,570.59,Germany_DE
2025-12-11,Bosch Series 6 Espresso Machine,510.37,Germany_DE
2025-12-12,Bosch Series 6 Espresso Machine,596.09,Germany_DE
2025-12-13,Bosch Series 6 Espresso Machine,622.55,Germany_DE
2025-12-14,Bosch Series 6 Espresso Machine,437.42,Germany_DE
2025-12-15,Bosch Series 6 Espresso Machine,542.06,Germany_DE
2025-12-16,Bosch Series 6 Espresso Machine,573.04,Germany_DE
2025-12-17,Bosch Series 6 Espresso Machine,548.39,Germany_DE
2025-12-18,Bosch Series 6 Espresso Machine,598.53,Germany_DE
2025-12-19,Bosch Series 6 Espresso Machine,567.55,Germany_DE
2025-12-20,Bosch Series 6 Espresso Machine,690.57,Germany_DE
2025-12-21,Bosch Series 6 Espresso Machine,420.25,Germany_DE
2025-12-22,Bosch Series 6 Espresso Machine,378.63,Germany_DE
2025-12-23,Bosch Series 6 Espresso Machine,385.53,Germany_DE
2025-12-24,Bosch Series 6 Espresso Machine,364.27,Germany_DE
2025-12-25,Bosch Series 6 Espresso Machine,350.89,Germany_DE
2025-12-26,Bosch Series 6 Espresso Machine,352.11,Germany_DE
2025-12-27,Bosch Series 6 Espresso Machine,481.61,Germany_DE
2025-12-28,Bosch Series 6 Espresso Machine,220.47,Germany_DE
2025-12-29,Bosch Series 6 Espresso Machine,340.18,Germany_DE
2025-12-30,Bosch Series 6 Espresso Machine,395.01,Germany_DE
2025-12-31,Bosch Series 6 Espresso Machine,362.03,Germany_DE
2026-01-01,Bosch Series 6 Espresso Machine,364.85,Germany_DE
2026-01-02,Bosch Series 6 Espresso Machine,388.87,Germany_DE
2026-01-03,Bosch Series 6 Espresso Machine,474.16,Germany_DE
2026-01-04,Bosch Series 6 Espresso Machine,244.26,Germany_DE
2026-01-05,Bosch Series 6 Espresso Machine,434.13,Germany_DE
2026-01-06,Bosch Series 6 Espresso Machine,388.73,Germany_DE
2026-01-07,Bosch Series 6 Espresso Machine,376.76,Germany_DE
2026-01-08,Bosch Series 6 Espresso Machine,403.22,Germany_DE
2026-01-09,Bosch Series 6 Espresso Machine,385.73,Germany_DE
2026-01-10,Bosch Series 6 Espresso Machine,504.14,Germany_DE
2026-01-11,Bosch Series 6 Espresso Machine,259.61,Germany_DE
2026-01-12,Bosch Series 6 Espresso Machine,405.42,Germany_DE
2026-01-13,Bosch Series 6 Espresso Machine,408.88,Germany_DE
2026-01-14,Bosch Series 6 Espresso Machine,413.21,Germany_DE
2026-01-15,Bosch Series 6 Espresso Machine,442.92,Germany_DE
2026-01-16,Bosch Series 6 Espresso Machine,407.52,Germany_DE
2026-01-17,Bosch Series 6 Espresso Machine,517.53,Germany_DE
2026-01-18,Bosch Series 6 Espresso Machine,281.91,Germany_DE
2026-01-19,Bosch Series 6 Espresso Machine,426.78,Germany_DE
2026-01-20,Bosch Series 6 Espresso Machine,411.77,Germany_DE
2026-01-21,Bosch Series 6 Espresso Machine,438.54,Germany_DE
2026-01-22,Bosch Series 6 Espresso Machine,404.64,Germany_DE
2026-01-23,Bosch Series 6 Espresso Machine,419.08,Germany_DE
2026-01-24,Bosch Series 6 Espresso Machine,510.53,Germany_DE
2026-01-25,Bosch Series 6 Espresso Machine,287.01,Germany_DE
2026-01-26,Bosch Series 6 Espresso Machine,452.0,Germany_DE
2026-01-27,Bosch Series 6 Espresso Machine,434.19,Germany_DE
2026-01-28,Bosch Series 6 Espresso Machine,432.73,Germany_DE
2026-01-29,Bosch Series 6 Espresso Machine,415.22,Germany_DE
2026-01-30,Bosch Series 6 Espresso Machine,420.15,Germany_DE
2026-01-31,Bosch Series 6 Espresso Machine,512.6,Germany_DE
2026-02-01,Bosch Series 6 Espresso Machine,242.39,Germany_DE
2026-02-02,Bosch Series 6 Espresso Machine,430.75,Germany_DE
2026-02-03,Bosch Series 6 Espresso Machine,434.04,Germany_DE
2026-02-04,Bosch Series 6 Espresso Machine,484.87,Germany_DE
2026-02-05,Bosch Series 6 Espresso Machine,474.08,Germany_DE
2026-02-06,Bosch Series 6 Espresso Machine,455.32,Germany_DE
2026-02-07,Bosch Series 6 Espresso Machine,588.08,Germany_DE
2026-02-08,Bosch Series 6 Espresso Machine,323.57,Germany_DE
2026-02-09,Bosch Series 6 Espresso Machine,408.14,Germany_DE
2026-02-10,Bosch Series 6 Espresso Machine,470.98,Germany_DE
2026-02-11,Bosch Series 6 Espresso Machine,465.17,Germany_DE
2026-02-12,Bosch Series 6 Espresso Machine,446.46,Germany_DE
2026-02-13,Bosch Series 6 Espresso Machine,425.23,Germany_DE
2026-02-14,Bosch Series 6 Espresso Machine,567.51,Germany_DE
2026-02-15,Bosch Series 6 Espresso Machine,263.27,Germany_DE
2026-02-16,Bosch Series 6 Espresso Machine,456.86,Germany_DE
2026-02-17,Bosch Series 6 Espresso Machine,446.17,Germany_DE
2026-02-18,Bosch Series 6 Espresso Machine,434.53,Germany_DE
2026-02-19,Bosch Series 6 Espresso Machine,484.67,Germany_DE
2026-02-20,Bosch Series 6 Espresso Machine,461.23,Germany_DE
2026-02-21,Bosch Series 6 Espresso Machine,567.48,Germany_DE
2026-02-22,Bosch Series 6 Espresso Machine,331.29,Germany_DE
2026-02-23,Bosch Series 6 Espresso Machine,465.27,Germany_DE
2026-02-24,Bosch Series 6 Espresso Machine,475.56,Germany_DE
2026-02-25,Bosch Series 6 Espresso Machine,483.92,Germany_DE
2026-02-26,Bosch Series 6 Espresso Machine,479.99,Germany_DE
2026-02-27,Bosch Series 6 Espresso Machine,475.41,Germany_DE
2026-02-28,Bosch Series 6 Espresso Machine,607.16,Germany_DE
2026-03-01,Bosch Series 6 Espresso Machine,345.33,Germany_DE
2026-03-02,Bosch Series 6 Espresso Machine,470.95,Germany_DE
2026-03-03,Bosch Series 6 Espresso Machine,455.42,Germany_DE
2026-03-04,Bosch Series 6 Espresso Machine,487.32,Germany_DE
2026-03-05,Bosch Series 6 Espresso Machine,479.77,Germany_DE
2026-03-06,Bosch Series 6 Espresso Machine,510.53,Germany_DE
2026-03-07,Bosch Series 6 Espresso Machine,597.76,Germany_DE
2026-03-08,Bosch Series 6 Espresso Machine,342.14,Germany_DE
2026-03-09,Bosch Series 6 Espresso Machine,479.14,Germany_DE
2026-03-10,Bosch Series 6 Espresso Machine,462.17,Germany_DE
2026-03-11,Bosch Series 6 Espresso Machine,476.51,Germany_DE
2026-03-12,Bosch Series 6 Espresso Machine,490.76,Germany_DE
2026-03-13,Bosch Series 6 Espresso Machine,447.37,Germany_DE
2026-03-14,Bosch Series 6 Espresso Machine,608.31,Germany_DE
2026-03-15,Bosch Series 6 Espresso Machine,373.5,Germany_DE
2026-03-16,Bosch Series 6 Espresso Machine,445.13,Germany_DE
2026-03-17,Bosch Series 6 Espresso Machine,456.67,Germany_DE
2026-03-18,Bosch Series 6 Espresso Machine,489.89,Germany_DE
2026-03-19,Bosch Series 6 Espresso Machine,474.25,Germany_DE
2026-03-20,Bosch Series 6 Espresso Machine,491.69,Germany_DE
2026-03-21,Bosch Series 6 Espresso Machine,586.39,Germany_DE
2026-03-22,Bosch Series 6 Espresso Machine,315.88,Germany_DE
2026-03-23,Bosch Series 6 Espresso Machine,513.83,Germany_DE
2026-03-24,Bosch Series 6 Espresso Machine,497.84,Germany_DE
2026-03-25,Bosch Series 6 Espresso Machine,477.81,Germany_DE
2026-03-26,Bosch Series 6 Espresso Machine,519.54,Germany_DE
2026-03-27,Bosch Series 6 Espresso Machine,479.69,Germany_DE
2026-03-28,Bosch Series 6 Espresso Machine,566.21,Germany_DE
2026-03-29,Bosch Series 6 Espresso Machine,343.08,Germany_DE
2026-03-30,Bosch Series 6 Espresso Machine,498.02,Germany_DE
2026-03-31,Bosch Series 6 Espresso Machine,501.91,Germany_DE
2026-04-01,Bosch Series 6 Espresso Machine,505.49,Germany_DE
2026-04-02,Bosch Series 6 Espresso Machine,502.16,Germany_DE
2026-04-03,Bosch Series 6 Espresso Machine,501.59,Germany_DE
2026-04-04,Bosch Series 6 Espresso Machine,581.63,Germany_DE
2026-04-05,Bosch Series 6 Espresso Machine,327.69,Germany_DE
2026-04-06,Bosch Series 6 Espresso Machine,507.53,Germany_DE
2026-04-07,Bosch Series 6 Espresso Machine,497.7,Germany_DE
2026-04-08,Bosch Series 6 Espresso Machine,509.37,Germany_DE
2026-04-09,Bosch Series 6 Espresso Machine,458.92,Germany_DE
2026-04-10,Bosch Series 6 Espresso Machine,483.13,Germany_DE
2026-04-11,Bosch Series 6 Espresso Machine,632.15,Germany_DE
2026-04-12,Bosch Series 6 Espresso Machine,353.09,Germany_DE
2026-04-13,Bosch Series 6 Espresso Machine,499.16,Germany_DE
2026-04-14,Bosch Series 6 Espresso Machine,507.4,Germany_DE
2026-04-15,Bosch Series 6 Espresso Machine,537.38,Germany_DE
2026-04-16,Bosch Series 6 Espresso Machine,533.11,Germany_DE
2026-04-17,Bosch Series 6 Espresso Machine,461.48,Germany_DE
2026-04-18,Bosch Series 6 Espresso Machine,569.55,Germany_DE
2026-04-19,Bosch Series 6 Espresso Machine,309.37,Germany_DE
2026-04-20,Bosch Series 6 Espresso Machine,477.75,Germany_DE
2026-04-21,Bosch Series 6 Espresso Machine,493.62,Germany_DE
2026-04-22,Bosch Series 6 Espresso Machine,497.16,Germany_DE
2026-04-23,Bosch Series 6 Espresso Machine,461.5,Germany_DE
2026-04-24,Bosch Series 6 Espresso Machine,454.52,Germany_DE
2026-04-25,Bosch Series 6 Espresso Machine,577.11,Germany_DE
2026-04-26,Bosch Series 6 Espresso Machine,358.45,Germany_DE
2026-04-27,Bosch Series 6 Espresso Machine,512.83,Germany_DE
2026-04-28,Bosch Series 6 Espresso Machine,524.82,Germany_DE
2026-04-29,Bosch Series 6 Espresso Machine,489.71,Germany_DE
2026-04-30,Bosch Series 6 Espresso Machine,506.55,Germany_DE
2026-05-01,Bosch Series 6 Espresso Machine,509.8,Germany_DE
2026-05-02,Bosch Series 6 Espresso Machine,580.05,Germany_DE
2026-05-03,Bosch Series 6 Espresso Machine,345.32,Germany_DE
2026-05-04,Bosch Series 6 Espresso Machine,501.49,Germany_DE
2026-05-05,Bosch Series 6 Espresso Machine,469.66,Germany_DE
2026-05-06,Bosch Series 6 Espresso Machine,520.19,Germany_DE
2026-05-07,Bosch Series 6 Espresso Machine,486.07,Germany_DE
2026-05-08,Bosch Series 6 Espresso Machine,488.06,Germany_DE
2026-05-09,Bosch Series 6 Espresso Machine,567.62,Germany_DE
2026-05-10,Bosch Series 6 Espresso Machine,318.41,Germany_DE
2026-05-11,Bosch Series 6 Espresso Machine,440.69,Germany_DE
2026-05-12,Bosch Series 6 Espresso Machine,485.12,Germany_DE
2026-05-13,Bosch Series 6 Espresso Machine,533.51,Germany_DE
2026-05-14,Bosch Series 6 Espresso Machine,462.38,Germany_DE
2026-05-15,Bosch Series 6 Espresso Machine,541.62,Germany_DE
2026-05-16,Bosch Series 6 Espresso Machine,610.51,Germany_DE
2026-05-17,Bosch Series 6 Espresso Machine,320.06,Germany_DE
2026-05-18,Bosch Series 6 Espresso Machine,480.57,Germany_DE
2026-05-19,Bosch Series 6 Espresso Machine,476.6,Germany_DE
2026-05-20,Bosch Series 6 Espresso Machine,512.68,Germany_DE
2026-05-21,Bosch Series 6 Espresso Machine,488.15,Germany_DE
2026-05-22,Bosch Series 6 Espresso Machine,500.67,Germany_DE
2026-05-23,Bosch Series 6 Espresso Machine,584.21,Germany_DE
2026-05-24,Bosch Series 6 Espresso Machine,322.01,Germany_DE
2026-05-25,Bosch Series 6 Espresso Machine,481.16,Germany_DE
2026-05-26,Bosch Series 6 Espresso Machine,465.66,Germany_DE
2026-05-27,Bosch Series 6 Espresso Machine,443.91,Germany_DE
2026-05-28,Bosch Series 6 Espresso Machine,488.37,Germany_DE
2026-05-29,Bosch Series 6 Espresso Machine,441.2,Germany_DE
2026-05-30,Bosch Series 6 Espresso Machine,565.76,Germany_DE
2026-05-31,Bosch Series 6 Espresso Machine,309.45,Germany_DE
2026-06-01,Bosch Series 6 Espresso Machine,481.4,Germany_DE
2026-06-02,Bosch Series 6 Espresso Machine,498.91,Germany_DE
2026-06-03,Bosch Series 6 Espresso Machine,490.78,Germany_DE
2026-06-04,Bosch Series 6 Espresso Machine,479.19,Germany_DE
2026-06-05,Bosch Series 6 Espresso Machine,452.18,Germany_DE
2026-06-06,Bosch Series 6 Espresso Machine,560.95,Germany_DE
2026-06-07,Bosch Series 6 Espresso Machine,305.06,Germany_DE
2026-06-08,Bosch Series 6 Espresso Machine,452.45,Germany_DE
2026-06-09,Bosch Series 6 Espresso Machine,452.81,Germany_DE
2026-06-10,Bosch Series 6 Espresso Machine,451.28,Germany_DE
2026-06-11,Bosch Series 6 Espresso Machine,449.38,Germany_DE
2026-06-12,Bosch Series 6 Espresso Machine,476.87,Germany_DE
2026-06-13,Bosch Series 6 Espresso Machine,536.51,Germany_DE
2026-06-14,Bosch Series 6 Espresso Machine,289.98,Germany_DE
2026-06-15,Bosch Series 6 Espresso Machine,423.06,Germany_DE
2026-06-16,Bosch Series 6 Espresso Machine,481.99,Germany_DE
2026-06-17,Bosch Series 6 Espresso Machine,436.69,Germany_DE
2026-06-18,Bosch Series 6 Espresso Machine,464.78,Germany_DE
2026-06-19,Bosch Series 6 Espresso Machine,460.0,Germany_DE
2026-06-20,Bosch Series 6 Espresso Machine,576.6,Germany_DE
2026-06-21,Bosch Series 6 Espresso Machine,292.95,Germany_DE
2026-06-22,Bosch Series 6 Espresso Machine,428.32,Germany_DE
2026-06-23,Bosch Series 6 Espresso Machine,415.07,Germany_DE
2026-06-24,Bosch Series 6 Espresso Machine,389.4,Germany_DE
2026-06-25,Bosch Series 6 Espresso Machine,447.23,Germany_DE
2026-06-26,Bosch Series 6 Espresso Machine,458.42,Germany_DE
2026-06-27,Bosch Series 6 Espresso Machine,552.05,Germany_DE
2026-06-28,Bosch Series 6 Espresso Machine,258.92,Germany_DE
2026-06-29,Bosch Series 6 Espresso Machine,460.4,Germany_DE
2026-06-30,Bosch Series 6 Espresso Machine,424.56,Germany_DE
2026-07-01,Bosch Series 6 Espresso Machine,419.28,Germany_DE
2026-07-02,Bosch Series 6 Espresso Machine,421.91,Germany_DE
2026-07-03,Bosch Series 6 Espresso Machine,436.79,Germany_DE
2026-07-04,Bosch Series 6 Espresso Machine,505.22,Germany_DE
2026-07-05,Bosch Series 6 Espresso Machine,281.08,Germany_DE
2026-07-06,Bosch Series 6 Espresso Machine,440.51,Germany_DE
2026-07-07,Bosch Series 6 Espresso Machine,452.97,Germany_DE
2026-07-08,Bosch Series 6 Espresso Machine,433.25,Germany_DE
2026-07-09,Bosch Series 6 Espresso Machine,401.85,Germany_DE
2026-07-10,Bosch Series 6 Espresso Machine,430.53,Germany_DE
2026-07-11,Bosch Series 6 Espresso Machine,506.07,Germany_DE
2026-07-12,Bosch Series 6 Espresso Machine,251.83,Germany_DE
2026-07-13,Bosch Series 6 Espresso Machine,397.06,Germany_DE
2026-07-14,Bosch Series 6 Espresso Machine,385.02,Germany_DE
2026-07-15,Bosch Series 6 Espresso Machine,410.83,Germany_DE
2026-07-16,Bosch Series 6 Espresso Machine,443.7,Germany_DE
2026-07-17,Bosch Series 6 Espresso Machine,465.19,Germany_DE
2026-07-18,Bosch Series 6 Espresso Machine,508.34,Germany_DE
2026-07-19,Bosch Series 6 Espresso Machine,288.49,Germany_DE
2026-07-20,Bosch Series 6 Espresso Machine,409.04,Germany_DE
2026-07-21,Bosch Series 6 Espresso Machine,382.89,Germany_DE
2026-07-22,Bosch Series 6 Espresso Machine,428.91,Germany_DE
2026-07-23,Bosch Series 6 Espresso Machine,418.57,Germany_DE
2026-07-24,Bosch Series 6 Espresso Machine,449.24,Germany_DE
2026-07-25,Bosch Series 6 Espresso Machine,481.99,Germany_DE
2026-07-26,Bosch Series 6 Espresso Machine,315.62,Germany_DE
2026-07-27,Bosch Series 6 Espresso Machine,441.76,Germany_DE
2026-07-28,Bosch Series 6 Espresso Machine,408.6,Germany_DE
2026-07-29,Bosch Series 6 Espresso Machine,402.03,Germany_DE
2026-07-30,Bosch Series 6 Espresso Machine,392.74,Germany_DE
2026-07-31,Bosch Series 6 Espresso Machine,408.32,Germany_DE
2026-08-01,Bosch Series 6 Espresso Machine,502.33,Germany_DE
2026-08-02,Bosch Series 6 Espresso Machine,263.37,Germany_DE
2026-08-03,Bosch Series 6 Espresso Machine,397.51,Germany_DE
2026-08-04,Bosch Series 6 Espresso Machine,430.81,Germany_DE
2026-08-05,Bosch Series 6 Espresso Machine,404.14,Germany_DE
2026-08-06,Bosch Series 6 Espresso Machine,395.65,Germany_DE
2026-08-07,Bosch Series 6 Espresso Machine,420.43,Germany_DE
2026-08-08,Bosch Series 6 Espresso Machine,467.46,Germany_DE
2026-08-09,Bosch Series 6 Espresso Machine,253.91,Germany_DE
2026-08-10,Bosch Series 6 Espresso Machine,398.0,Germany_DE
2026-08-11,Bosch Series 6 Espresso Machine,368.49,Germany_DE
2026-08-12,Bosch Series 6 Espresso Machine,361.76,Germany_DE
2026-08-13,Bosch Series 6 Espresso Machine,415.38,Germany_DE
2026-08-14,Bosch Series 6 Espresso Machine,413.69,Germany_DE
2026-08-15,Bosch Series 6 Espresso Machine,497.96,Germany_DE
2026-08-16,Bosch Series 6 Espresso Machine,276.14,Germany_DE
2026-08-17,Bosch Series 6 Espresso Machine,401.13,Germany_DE
2026-08-18,Bosch Series 6 Espresso Machine,416.64,Germany_DE
2026-08-19,Bosch Series 6 Espresso Machine,399.39,Germany_DE
2026-08-20,Bosch Series 6 Espresso Machine,384.83,Germany_DE
2026-08-21,Bosch Series 6 Espresso Machine,368.57,Germany_DE
2026-08-22,Bosch Series 6 Espresso Machine,477.85,Germany_DE
2026-08-23,Bosch Series 6 Espresso Machine,232.19,Germany_DE
2026-08-24,Bosch Series 6 Espresso Machine,415.23,Germany_DE
2026-08-25,Bosch Series 6 Espresso Machine,402.82,Germany_DE
2026-08-26,Bosch Series 6 Espresso Machine,393.5,Germany_DE
2026-08-27,Bosch Series 6 Espresso Machine,403.79,Germany_DE
2026-08-28,Bosch Series 6 Espresso Machine,396.44,Germany_DE
2026-08-29,Bosch Series 6 Espresso Machine,491.47,Germany_DE
2026-08-30,Bosch Series 6 Espresso Machine,203.8,Germany_DE
2026-08-31,Bosch Series 6 Espresso Machine,407.33,Germany_DE
2024-09-01,Siemens iQ500 Washing Machine,137.01,Germany_DE
2024-09-02,Siemens iQ500 Washing Machine,462.61,Germany_DE
2024-09-03,Siemens iQ500 Washing Machine,455.0,Germany_DE
2024-09-04,Siemens iQ500 Washing Machine,484.81,Germany_DE
2024-09-05,Siemens iQ500 Washing Machine,451.95,Germany_DE
2024-09-06,Siemens iQ500 Washing Machine,489.56,Germany_DE
2024-09-07,Siemens iQ500 Washing Machine,671.24,Germany_DE
2024-09-08,Siemens iQ500 Washing Machine,153.1,Germany_DE
2024-09-09,Siemens iQ500 Washing Machine,468.07,Germany_DE
2024-09-10,Siemens iQ500 Washing Machine,445.34,Germany_DE
2024-09-11,Siemens iQ500 Washing Machine,464.6,Germany_DE
2024-09-12,Siemens iQ500 Washing Machine,471.84,Germany_DE
2024-09-13,Siemens iQ500 Washing Machine,464.06,Germany_DE
2024-09-14,Siemens iQ500 Washing Machine,652.7,Germany_DE
2024-09-15,Siemens iQ500 Washing Machine,178.81,Germany_DE
2024-09-16,Siemens iQ500 Washing Machine,467.79,Germany_DE
2024-09-17,Siemens iQ500 Washing Machine,450.43,Germany_DE
2024-09-18,Siemens iQ500 Washing Machine,499.03,Germany_DE
2024-09-19,Siemens iQ500 Washing Machine,479.28,Germany_DE
2024-09-20,Siemens iQ500 Washing Machine,443.28,Germany_DE
2024-09-21,Siemens iQ500 Washing Machine,660.76,Germany_DE
2024-09-22,Siemens iQ500 Washing Machine,142.59,Germany_DE
2024-09-23,Siemens iQ500 Washing Machine,474.4,Germany_DE
2024-09-24,Siemens iQ500 Washing Machine,481.35,Germany_DE
2024-09-25,Siemens iQ500 Washing Machine,488.36,Germany_DE
2024-09-26,Siemens iQ500 Washing Machine,480.64,Germany_DE
2024-09-27,Siemens iQ500 Washing Machine,497.29,Germany_DE
2024-09-28,Siemens iQ500 Washing Machine,687.42,Germany_DE
2024-09-29,Siemens iQ500 Washing Machine,135.25,Germany_DE
2024-09-30,Siemens iQ500 Washing Machine,471.96,Germany_DE
2024-10-01,Siemens iQ500 Washing Machine,471.25,Germany_DE
2024-10-02,Siemens iQ500 Washing Machine,421.7,Germany_DE
2024-10-03,Siemens iQ500 Washing Machine,462.69,Germany_DE
2024-10-04,Siemens iQ500 Washing Machine,480.87,Germany_DE
2024-10-05,Siemens iQ500 Washing Machine,680.8,Germany_DE
2024-10-06,Siemens iQ500 Washing Machine,142.09,Germany_DE
2024-10-07,Siemens iQ500 Washing Machine,494.99,Germany_DE
2024-10-08,Siemens iQ500 Washing Machine,459.2,Germany_DE
2024-10-09,Siemens iQ500 Washing Machine,492.55,Germany_DE
2024-10-10,Siemens iQ500 Washing Machine,452.48,Germany_DE
2024-10-11,Siemens iQ500 Washing Machine,535.19,Germany_DE
2024-10-12,Siemens iQ500 Washing Machine,690.53,Germany_DE
2024-10-13,Siemens iQ500 Washing Machine,154.27,Germany_DE
2024-10-14,Siemens iQ500 Washing Machine,505.5,Germany_DE
2024-10-15,Siemens iQ500 Washing Machine,475.2,Germany_DE
2024-10-16,Siemens iQ500 Washing Machine,513.63,Germany_DE
2024-10-17,Siemens iQ500 Washing Machine,492.94,Germany_DE
2024-10-18,Siemens iQ500 Washing Machine,484.14,Germany_DE
2024-10-19,Siemens iQ500 Washing Machine,697.03,Germany_DE
2024-10-20,Siemens iQ500 Washing Machine,191.73,Germany_DE
2024-10-21,Siemens iQ500 Washing Machine,494.26,Germany_DE
2024-10-22,Siemens iQ500 Washing Machine,499.39,Germany_DE
2024-10-23,Siemens iQ500 Washing Machine,502.67,Germany_DE
2024-10-24,Siemens iQ500 Washing Machine,495.65,Germany_DE
2024-10-25,Siemens iQ500 Washing Machine,504.54,Germany_DE
2024-10-26,Siemens iQ500 Washing Machine,706.95,Germany_DE
2024-10-27,Siemens iQ500 Washing Machine,174.52,Germany_DE
2024-10-28,Siemens iQ500 Washing Machine,475.36,Germany_DE
2024-10-29,Siemens iQ500 Washing Machine,504.94,Germany_DE
2024-10-30,Siemens iQ500 Washing Machine,465.85,Germany_DE
2024-10-31,Siemens iQ500 Washing Machine,507.2,Germany_DE
2024-11-01,Siemens iQ500 Washing Machine,497.22,Germany_DE
2024-11-02,Siemens iQ500 Washing Machine,725.64,Germany_DE
2024-11-03,Siemens iQ500 Washing Machine,163.52,Germany_DE
2024-11-04,Siemens iQ500 Washing Machine,464.47,Germany_DE
2024-11-05,Siemens iQ500 Washing Machine,501.22,Germany_DE
2024-11-06,Siemens iQ500 Washing Machine,488.72,Germany_DE
2024-11-07,Siemens iQ500 Washing Machine,475.45,Germany_DE
2024-11-08,Siemens iQ500 Washing Machine,527.86,Germany_DE
2024-11-09,Siemens iQ500 Washing Machine,759.98,Germany_DE
2024-11-10,Siemens iQ500 Washing Machine,178.49,Germany_DE
2024-11-11,Siemens iQ500 Washing Machine,515.41,Germany_DE
2024-11-12,Siemens iQ500 Washing Machine,512.28,Germany_DE
2024-11-13,Siemens iQ500 Washing Machine,506.79,Germany_DE
2024-11-14,Siemens iQ500 Washing Machine,534.79,Germany_DE
2024-11-15,Siemens iQ500 Washing Machine,543.28,Germany_DE
2024-11-16,Siemens iQ500 Washing Machine,721.28,Germany_DE
2024-11-17,Siemens iQ500 Washing Machine,206.15,Germany_DE
2024-11-18,Siemens iQ500 Washing Machine,553.55,Germany_DE
2024-11-19,Siemens iQ500 Washing Machine,543.27,Germany_DE
2024-11-20,Siemens iQ500 Washing Machine,547.89,Germany_DE
2024-11-21,Siemens iQ500 Washing Machine,560.15,Germany_DE
2024-11-22,Siemens iQ500 Washing Machine,561.56,Germany_DE
2024-11-23,Siemens iQ500 Washing Machine,770.72,Germany_DE
2024-11-24,Siemens iQ500 Washing Machine,219.75,Germany_DE
2024-11-25,Siemens iQ500 Washing Machine,531.92,Germany_DE
2024-11-26,Siemens iQ500 Washing Machine,543.37,Germany_DE
2024-11-27,Siemens iQ500 Washing Machine,532.35,Germany_DE
2024-11-28,Siemens iQ500 Washing Machine,505.74,Germany_DE
2024-11-29,Siemens iQ500 Washing Machine,540.97,Germany_DE
2024-11-30,Siemens iQ500 Washing Machine,969.49,Germany_DE
2024-12-01,Siemens iQ500 Washing Machine,417.38,Germany_DE
2024-12-02,Siemens iQ500 Washing Machine,748.07,Germany_DE
2024-12-03,Siemens iQ500 Washing Machine,750.66,Germany_DE
2024-12-04,Siemens iQ500 Washing Machine,782.7,Germany_DE
2024-12-05,Siemens iQ500 Washing Machine,750.21,Germany_DE
2024-12-06,Siemens iQ500 Washing Machine,786.38,Germany_DE
2024-12-07,Siemens iQ500 Washing Machine,920.85,Germany_DE
2024-12-08,Siemens iQ500 Washing Machine,468.92,Germany_DE
2024-12-09,Siemens iQ500 Washing Machine,790.78,Germany_DE
2024-12-10,Siemens iQ500 Washing Machine,784.75,Germany_DE
2024-12-11,Siemens iQ500 Washing Machine,728.36,Germany_DE
2024-12-12,Siemens iQ500 Washing Machine,790.87,Germany_DE
2024-12-13,Siemens iQ500 Washing Machine,771.39,Germany_DE
2024-12-14,Siemens iQ500 Washing Machine,937.72,Germany_DE
2024-12-15,Siemens iQ500 Washing Machine,481.18,Germany_DE
2024-12-16,Siemens iQ500 Washing Machine,807.02,Germany_DE
2024-12-17,Siemens iQ500 Washing Machine,741.98,Germany_DE
2024-12-18,Siemens iQ500 Washing Machine,785.51,Germany_DE
2024-12-19,Siemens iQ500 Washing Machine,811.71,Germany_DE
2024-12-20,Siemens iQ500 Washing Machine,810.48,Germany_DE
2024-12-21,Siemens iQ500 Washing Machine,818.55,Germany_DE
2024-12-22,Siemens iQ500 Washing Machine,215.83,Germany_DE
2024-12-23,Siemens iQ500 Washing Machine,606.32,Germany_DE
2024-12-24,Siemens iQ500 Washing Machine,589.32,Germany_DE
2024-12-25,Siemens iQ500 Washing Machine,615.56,Germany_DE
2024-12-26,Siemens iQ500 Washing Machine,602.72,Germany_DE
2024-12-27,Siemens iQ500 Washing Machine,599.16,Germany_DE
2024-12-28,Siemens iQ500 Washing Machine,828.34,Germany_DE
2024-12-29,Siemens iQ500 Washing Machine,279.05,Germany_DE
2024-12-30,Siemens iQ500 Washing Machine,604.97,Germany_DE
2024-12-31,Siemens iQ500 Washing Machine,596.31,Germany_DE
2025-01-01,Siemens iQ500 Washing Machine,575.9,Germany_DE
2025-01-02,Siemens iQ500 Washing Machine,621.32,Germany_DE
2025-01-03,Siemens iQ500 Washing Machine,595.81,Germany_DE
2025-01-04,Siemens iQ500 Washing Machine,823.88,Germany_DE
2025-01-05,Siemens iQ500 Washing Machine,300.59,Germany_DE
2025-01-06,Siemens iQ500 Washing Machine,576.11,Germany_DE
2025-01-07,Siemens iQ500 Washing Machine,582.54,Germany_DE
2025-01-08,Siemens iQ500 Washing Machine,615.72,Germany_DE
2025-01-09,Siemens iQ500 Washing Machine,632.76,Germany_DE
2025-01-10,Siemens iQ500 Washing Machine,640.5,Germany_DE
2025-01-11,Siemens iQ500 Washing Machine,809.73,Germany_DE
2025-01-12,Siemens iQ500 Washing Machine,321.23,Germany_DE
2025-01-13,Siemens iQ500 Washing Machine,626.52,Germany_DE
2025-01-14,Siemens iQ500 Washing Machine,615.69,Germany_DE
2025-01-15,Siemens iQ500 Washing Machine,622.3,Germany_DE
2025-01-16,Siemens iQ500 Washing Machine,653.23,Germany_DE
2025-01-17,Siemens iQ500 Washing Machine,644.58,Germany_DE
2025-01-18,Siemens iQ500 Washing Machine,856.01,Germany_DE
2025-01-19,Siemens iQ500 Washing Machine,326.77,Germany_DE
2025-01-20,Siemens iQ500 Washing Machine,663.35,Germany_DE
2025-01-21,Siemens iQ500 Washing Machine,644.72,Germany_DE
2025-01-22,Siemens iQ500 Washing Machine,649.62,Germany_DE
2025-01-23,Siemens iQ500 Washing Machine,673.16,Germany_DE
2025-01-24,Siemens iQ500 Washing Machine,645.62,Germany_DE
2025-01-25,Siemens iQ500 Washing Machine,880.46,Germany_DE
2025-01-26,Siemens iQ500 Washing Machine,324.85,Germany_DE
2025-01-27,Siemens iQ500 Washing Machine,649.43,Germany_DE
2025-01-28,Siemens iQ500 Washing Machine,657.48,Germany_DE
2025-01-29,Siemens iQ500 Washing Machine,671.67,Germany_DE
2025-01-30,Siemens iQ500 Washing Machine,687.04,Germany_DE
2025-01-31,Siemens iQ500 Washing Machine,666.86,Germany_DE
2025-02-01,Siemens iQ500 Washing Machine,850.7,Germany_DE
2025-02-02,Siemens iQ500 Washing Machine,360.08,Germany_DE
2025-02-03,Siemens iQ500 Washing Machine,719.27,Germany_DE
2025-02-04,Siemens iQ500 Washing Machine,674.1,Germany_DE
2025-02-05,Siemens iQ500 Washing Machine,639.46,Germany_DE
2025-02-06,Siemens iQ500 Washing Machine,678.73,Germany_DE
2025-02-07,Siemens iQ500 Washing Machine,676.97,Germany_DE
2025-02-08,Siemens iQ500 Washing Machine,890.96,Germany_DE
2025-02-09,Siemens iQ500 Washing Machine,378.27,Germany_DE
2025-02-10,Siemens iQ500 Washing Machine,709.57,Germany_DE
2025-02-11,Siemens iQ500 Washing Machine,697.3,Germany_DE
2025-02-12,Siemens iQ500 Washing Machine,682.58,Germany_DE
2025-02-13,Siemens iQ500 Washing Machine,709.35,Germany_DE
2025-02-14,Siemens iQ500 Washing Machine,658.54,Germany_DE
2025-02-15,Siemens iQ500 Washing Machine,889.66,Germany_DE
2025-02-16,Siemens iQ500 Washing Machine,358.43,Germany_DE
2025-02-17,Siemens iQ500 Washing Machine,692.44,Germany_DE
2025-02-18,Siemens iQ500 Washing Machine,704.7,Germany_DE
2025-02-19,Siemens iQ500 Washing Machine,692.05,Germany_DE
2025-02-20,Siemens iQ500 Washing Machine,679.41,Germany_DE
2025-02-21,Siemens iQ500 Washing Machine,718.49,Germany_DE
2025-02-22,Siemens iQ500 Washing Machine,909.72,Germany_DE
2025-02-23,Siemens iQ500 Washing Machine,382.89,Germany_DE
2025-02-24,Siemens iQ500 Washing Machine,714.28,Germany_DE
2025-02-25,Siemens iQ500 Washing Machine,705.41,Germany_DE
2025-02-26,Siemens iQ500 Washing Machine,706.86,Germany_DE
2025-02-27,Siemens iQ500 Washing Machine,727.95,Germany_DE
2025-02-28,Siemens iQ500 Washing Machine,711.69,Germany_DE
2025-03-01,Siemens iQ500 Washing Machine,941.22,Germany_DE
2025-03-02,Siemens iQ500 Washing Machine,401.14,Germany_DE
2025-03-03,Siemens iQ500 Washing Machine,752.85,Germany_DE
2025-03-04,Siemens iQ500 Washing Machine,721.94,Germany_DE
2025-03-05,Siemens iQ500 Washing Machine,727.73,Germany_DE
2025-03-06,Siemens iQ500 Washing Machine,738.21,Germany_DE
2025-03-07,Siemens iQ500 Washing Machine,718.62,Germany_DE
2025-03-08,Siemens iQ500 Washing Machine,919.75,Germany_DE
2025-03-09,Siemens iQ500 Washing Machine,389.16,Germany_DE
2025-03-10,Siemens iQ500 Washing Machine,711.46,Germany_DE
2025-03-11,Siemens iQ500 Washing Machine,702.84,Germany_DE
2025-03-12,Siemens iQ500 Washing Machine,729.27,Germany_DE
2025-03-13,Siemens iQ500 Washing Machine,711.37,Germany_DE
2025-03-14,Siemens iQ500 Washing Machine,728.88,Germany_DE
2025-03-15,Siemens iQ500 Washing Machine,936.81,Germany_DE
2025-03-16,Siemens iQ500 Washing Machine,405.13,Germany_DE
2025-03-17,Siemens iQ500 Washing Machine,739.04,Germany_DE
2025-03-18,Siemens iQ500 Washing Machine,718.01,Germany_DE
2025-03-19,Siemens iQ500 Washing Machine,742.54,Germany_DE
2025-03-20,Siemens iQ500 Washing Machine,762.0,Germany_DE
2025-03-21,Siemens iQ500 Washing Machine,738.37,Germany_DE
2025-03-22,Siemens iQ500 Washing Machine,930.71,Germany_DE
2025-03-23,Siemens iQ500 Washing Machine,399.87,Germany_DE
2025-03-24,Siemens iQ500 Washing Machine,729.0,Germany_DE
2025-03-25,Siemens iQ500 Washing Machine,722.84,Germany_DE
2025-03-26,Siemens iQ500 Washing Machine,715.66,Germany_DE
2025-03-27,Siemens iQ500 Washing Machine,739.29,Germany_DE
2025-03-28,Siemens iQ500 Washing Machine,732.48,Germany_DE
2025-03-29,Siemens iQ500 Washing Machine,955.37,Germany_DE
2025-03-30,Siemens iQ500 Washing Machine,440.96,Germany_DE
2025-03-31,Siemens iQ500 Washing Machine,734.13,Germany_DE
2025-04-01,Siemens iQ500 Washing Machine,715.76,Germany_DE
2025-04-02,Siemens iQ500 Washing Machine,732.07,Germany_DE
2025-04-03,Siemens iQ500 Washing Machine,756.01,Germany_DE
2025-04-04,Siemens iQ500 Washing Machine,754.67,Germany_DE
2025-04-05,Siemens iQ500 Washing Machine,966.02,Germany_DE
2025-04-06,Siemens iQ500 Washing Machine,408.64,Germany_DE
2025-04-07,Siemens iQ500 Washing Machine,757.64,Germany_DE
2025-04-08,Siemens iQ500 Washing Machine,762.57,Germany_DE
2025-04-09,Siemens iQ500 Washing Machine,729.54,Germany_DE
2025-04-10,Siemens iQ500 Washing Machine,743.01,Germany_DE
2025-04-11,Siemens iQ500 Washing Machine,784.62,Germany_DE
2025-04-12,Siemens iQ500 Washing Machine,943.76,Germany_DE
2025-04-13,Siemens iQ500 Washing Machine,389.78,Germany_DE
2025-04-14,Siemens iQ500 Washing Machine,772.84,Germany_DE
2025-04-15,Siemens iQ500 Washing Machine,768.19,Germany_DE
2025-04-16,Siemens iQ500 Washing Machine,736.57,Germany_DE
2025-04-17,Siemens iQ500 Washing Machine,743.68,Germany_DE
2025-04-18,Siemens iQ500 Washing Machine,721.65,Germany_DE
2025-04-19,Siemens iQ500 Washing Machine,962.11,Germany_DE
2025-04-20,Siemens iQ500 Washing Machine,448.81,Germany_DE
2025-04-21,Siemens iQ500 Washing Machine,735.78,Germany_DE
2025-04-22,Siemens iQ500 Washing Machine,764.29,Germany_DE
2025-04-23,Siemens iQ500 Washing Machine,756.12,Germany_DE
2025-04-24,Siemens iQ500 Washing Machine,758.47,Germany_DE
2025-04-25,Siemens iQ500 Washing Machine,737.28,Germany_DE
2025-04-26,Siemens iQ500 Washing Machine,953.9,Germany_DE
2025-04-27,Siemens iQ500 Washing Machine,389.06,Germany_DE
2025-04-28,Siemens iQ500 Washing Machine,735.65,Germany_DE
2025-04-29,Siemens iQ500 Washing Machine,770.22,Germany_DE
2025-04-30,Siemens iQ500 Washing Machine,728.31,Germany_DE
2025-05-01,Siemens iQ500 Washing Machine,731.21,Germany_DE
2025-05-02,Siemens iQ500 Washing Machine,759.52,Germany_DE
2025-05-03,Siemens iQ500 Washing Machine,968.65,Germany_DE
2025-05-04,Siemens iQ500 Washing Machine,439.26,Germany_DE
2025-05-05,Siemens iQ500 Washing Machine,723.04,Germany_DE
2025-05-06,Siemens iQ500 Washing Machine,797.4,Germany_DE
2025-05-07,Siemens iQ500 Washing Machine,721.61,Germany_DE
2025-05-08,Siemens iQ500 Washing Machine,748.79,Germany_DE
2025-05-09,Siemens iQ500 Washing Machine,742.3,Germany_DE
2025-05-10,Siemens iQ500 Washing Machine,935.48,Germany_DE
2025-05-11,Siemens iQ500 Washing Machine,416.54,Germany_DE
2025-05-12,Siemens iQ500 Washing Machine,745.11,Germany_DE
2025-05-13,Siemens iQ500 Washing Machine,731.34,Germany_DE
2025-05-14,Siemens iQ500 Washing Machine,762.75,Germany_DE
2025-05-15,Siemens iQ500 Washing Machine,740.43,Germany_DE
2025-05-16,Siemens iQ500 Washing Machine,716.47,Germany_DE
2025-05-17,Siemens iQ500 Washing Machine,928.4,Germany_DE
2025-05-18,Siemens iQ500 Washing Machine,433.65,Germany_DE
2025-05-19,Siemens iQ500 Washing Machine,712.37,Germany_DE
2025-05-20,Siemens iQ500 Washing Machine,748.01,Germany_DE
2025-05-21,Siemens iQ500 Washing Machine,750.13,Germany_DE
2025-05-22,Siemens iQ500 Washing Machine,720.87,Germany_DE
2025-05-23,Siemens iQ500 Washing Machine,758.11,Germany_DE
2025-05-24,Siemens iQ500 Washing Machine,919.45,Germany_DE
2025-05-25,Siemens iQ500 Washing Machine,424.23,Germany_DE
2025-05-26,Siemens iQ500 Washing Machine,737.96,Germany_DE
2025-05-27,Siemens iQ500 Washing Machine,735.87,Germany_DE
2025-05-28,Siemens iQ500 Washing Machine,714.14,Germany_DE
2025-05-29,Siemens iQ500 Washing Machine,718.4,Germany_DE
2025-05-30,Siemens iQ500 Washing Machine,768.94,Germany_DE
2025-05-31,Siemens iQ500 Washing Machine,974.28,Germany_DE
2025-06-01,Siemens iQ500 Washing Machine,429.22,Germany_DE
2025-06-02,Siemens iQ500 Washing Machine,753.57,Germany_DE
2025-06-03,Siemens iQ500 Washing Machine,751.07,Germany_DE
2025-06-04,Siemens iQ500 Washing Machine,727.05,Germany_DE
2025-06-05,Siemens iQ500 Washing Machine,733.82,Germany_DE
2025-06-06,Siemens iQ500 Washing Machine,702.77,Germany_DE
2025-06-07,Siemens iQ500 Washing Machine,943.76,Germany_DE
2025-06-08,Siemens iQ500 Washing Machine,433.55,Germany_DE
2025-06-09,Siemens iQ500 Washing Machine,716.98,Germany_DE
2025-06-10,Siemens iQ500 Washing Machine,749.96,Germany_DE
2025-06-11,Siemens iQ500 Washing Machine,730.63,Germany_DE
2025-06-12,Siemens iQ500 Washing Machine,700.38,Germany_DE
2025-06-13,Siemens iQ500 Washing Machine,705.23,Germany_DE
2025-06-14,Siemens iQ500 Washing Machine,959.04,Germany_DE
2025-06-15,Siemens iQ500 Washing Machine,415.97,Germany_DE
2025-06-16,Siemens iQ500 Washing Machine,727.21,Germany_DE
2025-06-17,Siemens iQ500 Washing Machine,718.95,Germany_DE
2025-06-18,Siemens iQ500 Washing Machine,727.9,Germany_DE
2025-06-19,Siemens iQ500 Washing Machine,740.54,Germany_DE
2025-06-20,Siemens iQ500 Washing Machine,751.69,Germany_DE
2025-06-21,Siemens iQ500 Washing Machine,965.88,Germany_DE
2025-06-22,Siemens iQ500 Washing Machine,407.07,Germany_DE
2025-06-23,Siemens iQ500 Washing Machine,716.42,Germany_DE
2025-06-24,Siemens iQ500 Washing Machine,722.01,Germany_DE
2025-06-25,Siemens iQ500 Washing Machine,728.75,Germany_DE
2025-06-26,Siemens iQ500 Washing Machine,727.88,Germany_DE
2025-06-27,Siemens iQ500 Washing Machine,742.9,Germany_DE
2025-06-28,Siemens iQ500 Washing Machine,972.26,Germany_DE
2025-06-29,Siemens iQ500 Washing Machine,390.06,Germany_DE
2025-06-30,Siemens iQ500 Washing Machine,757.49,Germany_DE
2025-07-01,Siemens iQ500 Washing Machine,737.03,Germany_DE
2025-07-02,Siemens iQ500 Washing Machine,710.78,Germany_DE
2025-07-03,Siemens iQ500 Washing Machine,741.97,Germany_DE
2025-07-04,Siemens iQ500 Washing Machine,744.93,Germany_DE
2025-07-05,Siemens iQ500 Washing Machine,915.22,Germany_DE
2025-07-06,Siemens iQ500 Washing Machine,423.28,Germany_DE
2025-07-07,Siemens iQ500 Washing Machine,730.35,Germany_DE
2025-07-08,Siemens iQ500 Washing Machine,755.44,Germany_DE
2025-07-09,Siemens iQ500 Washing Machine,698.81,Germany_DE
2025-07-10,Siemens iQ500 Washing Machine,699.44,Germany_DE
2025-07-11,Siemens iQ500 Washing Machine,665.21,Germany_DE
2025-07-12,Siemens iQ500 Washing Machine,930.39,Germany_DE
2025-07-13,Siemens iQ500 Washing Machine,390.71,Germany_DE
2025-07-14,Siemens iQ500 Washing Machine,692.18,Germany_DE
2025-07-15,Siemens iQ500 Washing Machine,701.05,Germany_DE
2025-07-16,Siemens iQ500 Washing Machine,675.71,Germany_DE
2025-07-17,Siemens iQ500 Washing Machine,725.16,Germany_DE
2025-07-18,Siemens iQ500 Washing Machine,690.66,Germany_DE
2025-07-19,Siemens iQ500 Washing Machine,975.6,Germany_DE
2025-07-20,Siemens iQ500 Washing Machine,374.49,Germany_DE
2025-07-21,Siemens iQ500 Washing Machine,683.09,Germany_DE
2025-07-22,Siemens iQ500 Washing Machine,689.33,Germany_DE
2025-07-23,Siemens iQ500 Washing Machine,668.63,Germany_DE
2025-07-24,Siemens iQ500 Washing Machine,705.83,Germany_DE
2025-07-25,Siemens iQ500 Washing Machine,687.1,Germany_DE
2025-07-26,Siemens iQ500 Washing Machine,931.45,Germany_DE
2025-07-27,Siemens iQ500 Washing Machine,367.66,Germany_DE
2025-07-28,Siemens iQ500 Washing Machine,721.19,Germany_DE
2025-07-29,Siemens iQ500 Washing Machine,708.01,Germany_DE
2025-07-30,Siemens iQ500 Washing Machine,692.8,Germany_DE
2025-07-31,Siemens iQ500 Washing Machine,723.21,Germany_DE
2025-08-01,Siemens iQ500 Washing Machine,710.04,Germany_DE
2025-08-02,Siemens iQ500 Washing Machine,963.32,Germany_DE
2025-08-03,Siemens iQ500 Washing Machine,360.62,Germany_DE
2025-08-04,Siemens iQ500 Washing Machine,690.77,Germany_DE
2025-08-05,Siemens iQ500 Washing Machine,720.05,Germany_DE
2025-08-06,Siemens iQ500 Washing Machine,657.26,Germany_DE
2025-08-07,Siemens iQ500 Washing Machine,713.93,Germany_DE
2025-08-08,Siemens iQ500 Washing Machine,695.86,Germany_DE
2025-08-09,Siemens iQ500 Washing Machine,882.8,Germany_DE
2025-08-10,Siemens iQ500 Washing Machine,337.82,Germany_DE
2025-08-11,Siemens iQ500 Washing Machine,672.15,Germany_DE
2025-08-12,Siemens iQ500 Washing Machine,639.44,Germany_DE
2025-08-13,Siemens iQ500 Washing Machine,674.9,Germany_DE
2025-08-14,Siemens iQ500 Washing Machine,696.71,Germany_DE
2025-08-15,Siemens iQ500 Washing Machine,674.32,Germany_DE
2025-08-16,Siemens iQ500 Washing Machine,925.22,Germany_DE
2025-08-17,Siemens iQ500 Washing Machine,395.27,Germany_DE
2025-08-18,Siemens iQ500 Washing Machine,708.22,Germany_DE
2025-08-19,Siemens iQ500 Washing Machine,686.98,Germany_DE
2025-08-20,Siemens iQ500 Washing Machine,635.54,Germany_DE
2025-08-21,Siemens iQ500 Washing Machine,667.65,Germany_DE
2025-08-22,Siemens iQ500 Washing Machine,678.59,Germany_DE
2025-08-23,Siemens iQ500 Washing Machine,877.28,Germany_DE
2025-08-24,Siemens iQ500 Washing Machine,357.11,Germany_DE
2025-08-25,Siemens iQ500 Washing Machine,712.87,Germany_DE
2025-08-26,Siemens iQ500 Washing Machine,647.53,Germany_DE
2025-08-27,Siemens iQ500 Washing Machine,716.48,Germany_DE
2025-08-28,Siemens iQ500 Washing Machine,697.77,Germany_DE
2025-08-29,Siemens iQ500 Washing Machine,685.28,Germany_DE
2025-08-30,Siemens iQ500 Washing Machine,879.5,Germany_DE
2025-08-31,Siemens iQ500 Washing Machine,341.18,Germany_DE
2025-09-01,Siemens iQ500 Washing Machine,647.03,Germany_DE
2025-09-02,Siemens iQ500 Washing Machine,713.81,Germany_DE
2025-09-03,Siemens iQ500 Washing Machine,710.18,Germany_DE
2025-09-04,Siemens iQ500 Washing Machine,651.26,Germany_DE
2025-09-05,Siemens iQ500 Washing Machine,668.32,Germany_DE
2025-09-06,Siemens iQ500 Washing Machine,902.04,Germany_DE
2025-09-07,Siemens iQ500 Washing Machine,352.42,Germany_DE
2025-09-08,Siemens iQ500 Washing Machine,641.09,Germany_DE
2025-09-09,Siemens iQ500 Washing Machine,666.38,Germany_DE
2025-09-10,Siemens iQ500 Washing Machine,718.65,Germany_DE
2025-09-11,Siemens iQ500 Washing Machine,667.94,Germany_DE
2025-09-12,Siemens iQ500 Washing Machine,676.61,Germany_DE
2025-09-13,Siemens iQ500 Washing Machine,871.14,Germany_DE
2025-09-14,Siemens iQ500 Washing Machine,370.98,Germany_DE
2025-09-15,Siemens iQ500 Washing Machine,682.74,Germany_DE
2025-09-16,Siemens iQ500 Washing Machine,665.82,Germany_DE
2025-09-17,Siemens iQ500 Washing Machine,654.82,Germany_DE
2025-09-18,Siemens iQ500 Washing Machine,709.28,Germany_DE
2025-09-19,Siemens iQ500 Washing Machine,649.38,Germany_DE
2025-09-20,Siemens iQ500 Washing Machine,905.89,Germany_DE
2025-09-21,Siemens iQ500 Washing Machine,318.08,Germany_DE
2025-09-22,Siemens iQ500 Washing Machine,696.67,Germany_DE
2025-09-23,Siemens iQ500 Washing Machine,702.33,Germany_DE
2025-09-24,Siemens iQ500 Washing Machine,705.23,Germany_DE
2025-09-25,Siemens iQ500 Washing Machine,680.55,Germany_DE
2025-09-26,Siemens iQ500 Washing Machine,715.92,Germany_DE
2025-09-27,Siemens iQ500 Washing Machine,944.88,Germany_DE
2025-09-28,Siemens iQ500 Washing Machine,357.8,Germany_DE
2025-09-29,Siemens iQ500 Washing Machine,676.75,Germany_DE
2025-09-30,Siemens iQ500 Washing Machine,689.31,Germany_DE
2025-10-01,Siemens iQ500 Washing Machine,677.35,Germany_DE
2025-10-02,Siemens iQ500 Washing Machine,675.03,Germany_DE
2025-10-03,Siemens iQ500 Washing Machine,677.41,Germany_DE
2025-10-04,Siemens iQ500 Washing Machine,937.11,Germany_DE
2025-10-05,Siemens iQ500 Washing Machine,383.91,Germany_DE
2025-10-06,Siemens iQ500 Washing Machine,680.55,Germany_DE
2025-10-07,Siemens iQ500 Washing Machine,641.79,Germany_DE
2025-10-08,Siemens iQ500 Washing Machine,660.75,Germany_DE
2025-10-09,Siemens iQ500 Washing Machine,702.48,Germany_DE
2025-10-10,Siemens iQ500 Washing Machine,650.77,Germany_DE
2025-10-11,Siemens iQ500 Washing Machine,913.88,Germany_DE
2025-10-12,Siemens iQ500 Washing Machine,352.55,Germany_DE
2025-10-13,Siemens iQ500 Washing Machine,697.56,Germany_DE
2025-10-14,Siemens iQ500 Washing Machine,697.89,Germany_DE
2025-10-15,Siemens iQ500 Washing Machine,699.93,Germany_DE
2025-10-16,Siemens iQ500 Washing Machine,690.57,Germany_DE
2025-10-17,Siemens iQ500 Washing Machine,690.86,Germany_DE
2025-10-18,Siemens iQ500 Washing Machine,899.97,Germany_DE
2025-10-19,Siemens iQ500 Washing Machine,390.07,Germany_DE
2025-10-20,Siemens iQ500 Washing Machine,718.52,Germany_DE
2025-10-21,Siemens iQ500 Washing Machine,679.08,Germany_DE
2025-10-22,Siemens iQ500 Washing Machine,703.5,Germany_DE
2025-10-23,Siemens iQ500 Washing Machine,709.55,Germany_DE
2025-10-24,Siemens iQ500 Washing Machine,710.41,Germany_DE
2025-10-25,Siemens iQ500 Washing Machine,925.2,Germany_DE
2025-10-26,Siemens iQ500 Washing Machine,379.98,Germany_DE
2025-10-27,Siemens iQ500 Washing Machine,715.78,Germany_DE
2025-10-28,Siemens iQ500 Washing Machine,723.76,Germany_DE
2025-10-29,Siemens iQ500 Washing Machine,715.44,Germany_DE
2025-10-30,Siemens iQ500 Washing Machine,723.98,Germany_DE
2025-10-31,Siemens iQ500 Washing Machine,734.93,Germany_DE
2025-11-01,Siemens iQ500 Washing Machine,893.39,Germany_DE
2025-11-02,Siemens iQ500 Washing Machine,415.58,Germany_DE
2025-11-03,Siemens iQ500 Washing Machine,725.88,Germany_DE
2025-11-04,Siemens iQ500 Washing Machine,698.14,Germany_DE
2025-11-05,Siemens iQ500 Washing Machine,737.79,Germany_DE
2025-11-06,Siemens iQ500 Washing Machine,715.15,Germany_DE
2025-11-07,Siemens iQ500 Washing Machine,719.28,Germany_DE
2025-11-08,Siemens iQ500 Washing Machine,929.79,Germany_DE
2025-11-09,Siemens iQ500 Washing Machine,412.43,Germany_DE
2025-11-10,Siemens iQ500 Washing Machine,713.13,Germany_DE
2025-11-11,Siemens iQ500 Washing Machine,748.34,Germany_DE
2025-11-12,Siemens iQ500 Washing Machine,729.03,Germany_DE
2025-11-13,Siemens iQ500 Washing Machine,726.03,Germany_DE
2025-11-14,Siemens iQ500 Washing Machine,749.91,Germany_DE
2025-11-15,Siemens iQ500 Washing Machine,944.0,Germany_DE
2025-11-16,Siemens iQ500 Washing Machine,435.92,Germany_DE
2025-11-17,Siemens iQ500 Washing Machine,759.13,Germany_DE
2025-11-18,Siemens iQ500 Washing Machine,714.44,Germany_DE
2025-11-19,Siemens iQ500 Washing Machine,764.93,Germany_DE
2025-11-20,Siemens iQ500 Washing Machine,715.13,Germany_DE
2025-11-21,Siemens iQ500 Washing Machine,769.45,Germany_DE
2025-11-22,Siemens iQ500 Washing Machine,1002.24,Germany_DE
2025-11-23,Siemens iQ500 Washing Machine,445.84,Germany_DE
2025-11-24,Siemens iQ500 Washing Machine,707.89,Germany_DE
2025-11-25,Siemens iQ500 Washing Machine,774.0,Germany_DE
2025-11-26,Siemens iQ500 Washing Machine,799.37,Germany_DE
2025-11-27,Siemens iQ500 Washing Machine,750.12,Germany_DE
2025-11-28,Siemens iQ500 Washing Machine,757.22,Germany_DE
2025-11-29,Siemens iQ500 Washing Machine,949.9,Germany_DE
2025-11-30,Siemens iQ500 Washing Machine,446.68,Germany_DE
2025-12-01,Siemens iQ500 Washing Machine,988.6,Germany_DE
2025-12-02,Siemens iQ500 Washing Machine,978.96,Germany_DE
2025-12-03,Siemens iQ500 Washing Machine,1029.65,Germany_DE
2025-12-04,Siemens iQ500 Washing Machine,969.28,Germany_DE
2025-12-05,Siemens iQ500 Washing Machine,937.83,Germany_DE
2025-12-06,Siemens iQ500 Washing Machine,1189.7,Germany_DE
2025-12-07,Siemens iQ500 Washing Machine,604.79,Germany_DE
2025-12-08,Siemens iQ500 Washing Machine,965.31,Germany_DE
2025-12-09,Siemens iQ500 Washing Machine,1010.33,Germany_DE
2025-12-10,Siemens iQ500 Washing Machine,986.21,Germany_DE
2025-12-11,Siemens iQ500 Washing Machine,985.18,Germany_DE
2025-12-12,Siemens iQ500 Washing Machine,1019.89,Germany_DE
2025-12-13,Siemens iQ500 Washing Machine,1193.96,Germany_DE
2025-12-14,Siemens iQ500 Washing Machine,691.51,Germany_DE
2025-12-15,Siemens iQ500 Washing Machine,991.77,Germany_DE
2025-12-16,Siemens iQ500 Washing Machine,998.7,Germany_DE
2025-12-17,Siemens iQ500 Washing Machine,968.67,Germany_DE
2025-12-18,Siemens iQ500 Washing Machine,985.31,Germany_DE
2025-12-19,Siemens iQ500 Washing Machine,968.93,Germany_DE
2025-12-20,Siemens iQ500 Washing Machine,1210.91,Germany_DE
2025-12-21,Siemens iQ500 Washing Machine,687.57,Germany_DE
2025-12-22,Siemens iQ500 Washing Machine,780.5,Germany_DE
2025-12-23,Siemens iQ500 Washing Machine,845.64,Germany_DE
2025-12-24,Siemens iQ500 Washing Machine,812.17,Germany_DE
2025-12-25,Siemens iQ500 Washing Machine,809.72,Germany_DE
2025-12-26,Siemens iQ500 Washing Machine,825.91,Germany_DE
2025-12-27,Siemens iQ500 Washing Machine,1009.9,Germany_DE
2025-12-28,Siemens iQ500 Washing Machine,496.71,Germany_DE
2025-12-29,Siemens iQ500 Washing Machine,802.07,Germany_DE
2025-12-30,Siemens iQ500 Washing Machine,849.54,Germany_DE
2025-12-31,Siemens iQ500 Washing Machine,799.16,Germany_DE
2026-01-01,Siemens iQ500 Washing Machine,823.56,Germany_DE
2026-01-02,Siemens iQ500 Washing Machine,830.85,Germany_DE
2026-01-03,Siemens iQ500 Washing Machine,1048.12,Germany_DE
2026-01-04,Siemens iQ500 Washing Machine,495.56,Germany_DE
2026-01-05,Siemens iQ500 Washing Machine,812.24,Germany_DE
2026-01-06,Siemens iQ500 Washing Machine,820.77,Germany_DE
2026-01-07,Siemens iQ500 Washing Machine,844.63,Germany_DE
2026-01-08,Siemens iQ500 Washing Machine,833.14,Germany_DE
2026-01-09,Siemens iQ500 Washing Machine,853.89,Germany_DE
2026-01-10,Siemens iQ500 Washing Machine,1063.45,Germany_DE
2026-01-11,Siemens iQ500 Washing Machine,475.31,Germany_DE
2026-01-12,Siemens iQ500 Washing Machine,848.74,Germany_DE
2026-01-13,Siemens iQ500 Washing Machine,890.73,Germany_DE
2026-01-14,Siemens iQ500 Washing Machine,874.15,Germany_DE
2026-01-15,Siemens iQ500 Washing Machine,858.01,Germany_DE
2026-01-16,Siemens iQ500 Washing Machine,830.3,Germany_DE
2026-01-17,Siemens iQ500 Washing Machine,1076.94,Germany_DE
2026-01-18,Siemens iQ500 Washing Machine,549.09,Germany_DE
2026-01-19,Siemens iQ500 Washing Machine,852.11,Germany_DE
2026-01-20,Siemens iQ500 Washing Machine,865.41,Germany_DE
2026-01-21,Siemens iQ500 Washing Machine,891.15,Germany_DE
2026-01-22,Siemens iQ500 Washing Machine,845.68,Germany_DE
2026-01-23,Siemens iQ500 Washing Machine,843.52,Germany_DE
2026-01-24,Siemens iQ500 Washing Machine,1094.4,Germany_DE
2026-01-25,Siemens iQ500 Washing Machine,556.54,Germany_DE
2026-01-26,Siemens iQ500 Washing Machine,890.8,Germany_DE
2026-01-27,Siemens iQ500 Washing Machine,883.44,Germany_DE
2026-01-28,Siemens iQ500 Washing Machine,862.5,Germany_DE
2026-01-29,Siemens iQ500 Washing Machine,884.3,Germany_DE
2026-01-30,Siemens iQ500 Washing Machine,854.61,Germany_DE
2026-01-31,Siemens iQ500 Washing Machine,1088.22,Germany_DE
2026-02-01,Siemens iQ500 Washing Machine,570.05,Germany_DE
2026-02-02,Siemens iQ500 Washing Machine,875.54,Germany_DE
2026-02-03,Siemens iQ500 Washing Machine,933.85,Germany_DE
2026-02-04,Siemens iQ500 Washing Machine,848.37,Germany_DE
2026-02-05,Siemens iQ500 Washing Machine,876.98,Germany_DE
2026-02-06,Siemens iQ500 Washing Machine,870.88,Germany_DE
2026-02-07,Siemens iQ500 Washing Machine,1091.31,Germany_DE
2026-02-08,Siemens iQ500 Washing Machine,559.13,Germany_DE
2026-02-09,Siemens iQ500 Washing Machine,868.12,Germany_DE
2026-02-10,Siemens iQ500 Washing Machine,911.35,Germany_DE
2026-02-11,Siemens iQ500 Washing Machine,886.98,Germany_DE
2026-02-12,Siemens iQ500 Washing Machine,902.81,Germany_DE
2026-02-13,Siemens iQ500 Washing Machine,892.43,Germany_DE
2026-02-14,Siemens iQ500 Washing Machine,1102.89,Germany_DE
2026-02-15,Siemens iQ500 Washing Machine,616.72,Germany_DE
2026-02-16,Siemens iQ500 Washing Machine,924.28,Germany_DE
2026-02-17,Siemens iQ500 Washing Machine,869.98,Germany_DE
2026-02-18,Siemens iQ500 Washing Machine,869.38,Germany_DE
2026-02-19,Siemens iQ500 Washing Machine,931.21,Germany_DE
2026-02-20,Siemens iQ500 Washing Machine,901.43,Germany_DE
2026-02-21,Siemens iQ500 Washing Machine,1094.3,Germany_DE
2026-02-22,Siemens iQ500 Washing Machine,614.64,Germany_DE
2026-02-23,Siemens iQ500 Washing Machine,919.53,Germany_DE
2026-02-24,Siemens iQ500 Washing Machine,922.58,Germany_DE
2026-02-25,Siemens iQ500 Washing Machine,935.12,Germany_DE
2026-02-26,Siemens iQ500 Washing Machine,894.09,Germany_DE
2026-02-27,Siemens iQ500 Washing Machine,889.0,Germany_DE
2026-02-28,Siemens iQ500 Washing Machine,1168.58,Germany_DE
2026-03-01,Siemens iQ500 Washing Machine,574.52,Germany_DE
2026-03-02,Siemens iQ500 Washing Machine,901.1,Germany_DE
2026-03-03,Siemens iQ500 Washing Machine,906.36,Germany_DE
2026-03-04,Siemens iQ500 Washing Machine,969.65,Germany_DE
2026-03-05,Siemens iQ500 Washing Machine,939.13,Germany_DE
2026-03-06,Siemens iQ500 Washing Machine,949.77,Germany_DE
2026-03-07,Siemens iQ500 Washing Machine,1149.57,Germany_DE
2026-03-08,Siemens iQ500 Washing Machine,599.76,Germany_DE
2026-03-09,Siemens iQ500 Washing Machine,946.56,Germany_DE
2026-03-10,Siemens iQ500 Washing Machine,903.91,Germany_DE
2026-03-11,Siemens iQ500 Washing Machine,914.23,Germany_DE
2026-03-12,Siemens iQ500 Washing Machine,951.87,Germany_DE
2026-03-13,Siemens iQ500 Washing Machine,911.11,Germany_DE
2026-03-14,Siemens iQ500 Washing Machine,1149.49,Germany_DE
2026-03-15,Siemens iQ500 Washing Machine,616.41,Germany_DE
2026-03-16,Siemens iQ500 Washing Machine,930.68,Germany_DE
2026-03-17,Siemens iQ500 Washing Machine,903.19,Germany_DE
2026-03-18,Siemens iQ500 Washing Machine,930.57,Germany_DE
2026-03-19,Siemens iQ500 Washing Machine,927.56,Germany_DE
2026-03-20,Siemens iQ500 Washing Machine,948.17,Germany_DE
2026-03-21,Siemens iQ500 Washing Machine,1162.02,Germany_DE
2026-03-22,Siemens iQ500 Washing Machine,633.21,Germany_DE
2026-03-23,Siemens iQ500 Washing Machine,933.94,Germany_DE
2026-03-24,Siemens iQ500 Washing Machine,958.71,Germany_DE
2026-03-25,Siemens iQ500 Washing Machine,917.91,Germany_DE
2026-03-26,Siemens iQ500 Washing Machine,913.34,Germany_DE
2026-03-27,Siemens iQ500 Washing Machine,903.79,Germany_DE
2026-03-28,Siemens iQ500 Washing Machine,1155.21,Germany_DE
2026-03-29,Siemens iQ500 Washing Machine,615.81,Germany_DE
2026-03-30,Siemens iQ500 Washing Machine,968.31,Germany_DE
2026-03-31,Siemens iQ500 Washing Machine,940.18,Germany_DE
2026-04-01,Siemens iQ500 Washing Machine,959.23,Germany_DE
2026-04-02,Siemens iQ500 Washing Machine,970.61,Germany_DE
2026-04-03,Siemens iQ500 Washing Machine,941.17,Germany_DE
2026-04-04,Siemens iQ500 Washing Machine,1175.39,Germany_DE
2026-04-05,Siemens iQ500 Washing Machine,654.98,Germany_DE
2026-04-06,Siemens iQ500 Washing Machine,931.66,Germany_DE
2026-04-07,Siemens iQ500 Washing Machine,957.39,Germany_DE
2026-04-08,Siemens iQ500 Washing Machine,943.69,Germany_DE
2026-04-09,Siemens iQ500 Washing Machine,934.26,Germany_DE
2026-04-10,Siemens iQ500 Washing Machine,927.41,Germany_DE
2026-04-11,Siemens iQ500 Washing Machine,1148.69,Germany_DE
2026-04-12,Siemens iQ500 Washing Machine,639.05,Germany_DE
2026-04-13,Siemens iQ500 Washing Machine,926.96,Germany_DE
2026-04-14,Siemens iQ500 Washing Machine,948.46,Germany_DE
2026-04-15,Siemens iQ500 Washing Machine,976.01,Germany_DE
2026-04-16,Siemens iQ500 Washing Machine,968.98,Germany_DE
2026-04-17,Siemens iQ500 Washing Machine,949.62,Germany_DE
2026-04-18,Siemens iQ500 Washing Machine,1208.23,Germany_DE
2026-04-19,Siemens iQ500 Washing Machine,677.48,Germany_DE
2026-04-20,Siemens iQ500 Washing Machine,961.31,Germany_DE
2026-04-21,Siemens iQ500 Washing Machine,911.55,Germany_DE
2026-04-22,Siemens iQ500 Washing Machine,978.77,Germany_DE
2026-04-23,Siemens iQ500 Washing Machine,915.25,Germany_DE
2026-04-24,Siemens iQ500 Washing Machine,990.73,Germany_DE
2026-04-25,Siemens iQ500 Washing Machine,1196.93,Germany_DE
2026-04-26,Siemens iQ500 Washing Machine,675.77,Germany_DE
2026-04-27,Siemens iQ500 Washing Machine,966.5,Germany_DE
2026-04-28,Siemens iQ500 Washing Machine,954.05,Germany_DE
2026-04-29,Siemens iQ500 Washing Machine,952.24,Germany_DE
2026-04-30,Siemens iQ500 Washing Machine,950.26,Germany_DE
2026-05-01,Siemens iQ500 Washing Machine,980.73,Germany_DE
2026-05-02,Siemens iQ500 Washing Machine,1189.26,Germany_DE
2026-05-03,Siemens iQ500 Washing Machine,642.3,Germany_DE
2026-05-04,Siemens iQ500 Washing Machine,946.31,Germany_DE
2026-05-05,Siemens iQ500 Washing Machine,1013.18,Germany_DE
2026-05-06,Siemens iQ500 Washing Machine,978.66,Germany_DE
2026-05-07,Siemens iQ500 Washing Machine,928.26,Germany_DE
2026-05-08,Siemens iQ500 Washing Machine,949.68,Germany_DE
2026-05-09,Siemens iQ500 Washing Machine,1192.4,Germany_DE
2026-05-10,Siemens iQ500 Washing Machine,622.52,Germany_DE
2026-05-11,Siemens iQ500 Washing Machine,966.27,Germany_DE
2026-05-12,Siemens iQ500 Washing Machine,977.96,Germany_DE
2026-05-13,Siemens iQ500 Washing Machine,890.86,Germany_DE
2026-05-14,Siemens iQ500 Washing Machine,956.14,Germany_DE
2026-05-15,Siemens iQ500 Washing Machine,956.58,Germany_DE
2026-05-16,Siemens iQ500 Washing Machine,1163.35,Germany_DE
2026-05-17,Siemens iQ500 Washing Machine,642.25,Germany_DE
2026-05-18,Siemens iQ500 Washing Machine,969.97,Germany_DE
2026-05-19,Siemens iQ500 Washing Machine,959.24,Germany_DE
2026-05-20,Siemens iQ500 Washing Machine,948.5,Germany_DE
2026-05-21,Siemens iQ500 Washing Machine,968.18,Germany_DE
2026-05-22,Siemens iQ500 Washing Machine,956.05,Germany_DE
2026-05-23,Siemens iQ500 Washing Machine,1163.98,Germany_DE
2026-05-24,Siemens iQ500 Washing Machine,606.85,Germany_DE
2026-05-25,Siemens iQ500 Washing Machine,922.34,Germany_DE
2026-05-26,Siemens iQ500 Washing Machine,926.45,Germany_DE
2026-05-27,Siemens iQ500 Washing Machine,958.11,Germany_DE
2026-05-28,Siemens iQ500 Washing Machine,950.41,Germany_DE
2026-05-29,Siemens iQ500 Washing Machine,921.83,Germany_DE
2026-05-30,Siemens iQ500 Washing Machine,1177.78,Germany_DE
2026-05-31,Siemens iQ500 Washing Machine,656.76,Germany_DE
2026-06-01,Siemens iQ500 Washing Machine,937.7,Germany_DE
2026-06-02,Siemens iQ500 Washing Machine,914.24,Germany_DE
2026-06-03,Siemens iQ500 Washing Machine,934.26,Germany_DE
2026-06-04,Siemens iQ500 Washing Machine,964.9,Germany_DE
2026-06-05,Siemens iQ500 Washing Machine,958.13,Germany_DE
2026-06-06,Siemens iQ500 Washing Machine,1142.06,Germany_DE
2026-06-07,Siemens iQ500 Washing Machine,655.27,Germany_DE
2026-06-08,Siemens iQ500 Washing Machine,972.14,Germany_DE
2026-06-09,Siemens iQ500 Washing Machine,929.83,Germany_DE
2026-06-10,Siemens iQ500 Washing Machine,928.93,Germany_DE
2026-06-11,Siemens iQ500 Washing Machine,931.24,Germany_DE
2026-06-12,Siemens iQ500 Washing Machine,932.24,Germany_DE
2026-06-13,Siemens iQ500 Washing Machine,1174.68,Germany_DE
2026-06-14,Siemens iQ500 Washing Machine,628.45,Germany_DE
2026-06-15,Siemens iQ500 Washing Machine,957.75,Germany_DE
2026-06-16,Siemens iQ500 Washing Machine,952.94,Germany_DE
2026-06-17,Siemens iQ500 Washing Machine,973.02,Germany_DE
2026-06-18,Siemens iQ500 Washing Machine,916.79,Germany_DE
2026-06-19,Siemens iQ500 Washing Machine,944.83,Germany_DE
2026-06-20,Siemens iQ500 Washing Machine,1106.99,Germany_DE
2026-06-21,Siemens iQ500 Washing Machine,588.36,Germany_DE
2026-06-22,Siemens iQ500 Washing Machine,933.43,Germany_DE
2026-06-23,Siemens iQ500 Washing Machine,942.52,Germany_DE
2026-06-24,Siemens iQ500 Washing Machine,931.34,Germany_DE
2026-06-25,Siemens iQ500 Washing Machine,921.25,Germany_DE
2026-06-26,Siemens iQ500 Washing Machine,924.03,Germany_DE
2026-06-27,Siemens iQ500 Washing Machine,1172.42,Germany_DE
2026-06-28,Siemens iQ500 Washing Machine,601.56,Germany_DE
2026-06-29,Siemens iQ500 Washing Machine,964.44,Germany_DE
2026-06-30,Siemens iQ500 Washing Machine,944.55,Germany_DE
2026-07-01,Siemens iQ500 Washing Machine,937.03,Germany_DE
2026-07-02,Siemens iQ500 Washing Machine,903.21,Germany_DE
2026-07-03,Siemens iQ500 Washing Machine,945.0,Germany_DE
2026-07-04,Siemens iQ500 Washing Machine,1129.63,Germany_DE
2026-07-05,Siemens iQ500 Washing Machine,579.83,Germany_DE
2026-07-06,Siemens iQ500 Washing Machine,934.19,Germany_DE
2026-07-07,Siemens iQ500 Washing Machine,895.39,Germany_DE
2026-07-08,Siemens iQ500 Washing Machine,907.12,Germany_DE
2026-07-09,Siemens iQ500 Washing Machine,921.38,Germany_DE
2026-07-10,Siemens iQ500 Washing Machine,965.18,Germany_DE
2026-07-11,Siemens iQ500 Washing Machine,1120.29,Germany_DE
2026-07-12,Siemens iQ500 Washing Machine,589.1,Germany_DE
2026-07-13,Siemens iQ500 Washing Machine,933.14,Germany_DE
2026-07-14,Siemens iQ500 Washing Machine,892.97,Germany_DE
2026-07-15,Siemens iQ500 Washing Machine,925.84,Germany_DE
2026-07-16,Siemens iQ500 Washing Machine,940.35,Germany_DE
2026-07-17,Siemens iQ500 Washing Machine,909.35,Germany_DE
2026-07-18,Siemens iQ500 Washing Machine,1149.27,Germany_DE
2026-07-19,Siemens iQ500 Washing Machine,598.85,Germany_DE
2026-07-20,Siemens iQ500 Washing Machine,898.68,Germany_DE
2026-07-21,Siemens iQ500 Washing Machine,908.62,Germany_DE
2026-07-22,Siemens iQ500 Washing Machine,904.27,Germany_DE
2026-07-23,Siemens iQ500 Washing Machine,909.41,Germany_DE
2026-07-24,Siemens iQ500 Washing Machine,913.53,Germany_DE
2026-07-25,Siemens iQ500 Washing Machine,1135.55,Germany_DE
2026-07-26,Siemens iQ500 Washing Machine,598.29,Germany_DE
2026-07-27,Siemens iQ500 Washing Machine,859.82,Germany_DE
2026-07-28,Siemens iQ500 Washing Machine,905.85,Germany_DE
2026-07-29,Siemens iQ500 Washing Machine,876.96,Germany_DE
2026-07-30,Siemens iQ500 Washing Machine,901.01,Germany_DE
2026-07-31,Siemens iQ500 Washing Machine,903.42,Germany_DE
2026-08-01,Siemens iQ500 Washing Machine,1138.81,Germany_DE
2026-08-02,Siemens iQ500 Washing Machine,583.09,Germany_DE
2026-08-03,Siemens iQ500 Washing Machine,909.29,Germany_DE
2026-08-04,Siemens iQ500 Washing Machine,919.39,Germany_DE
2026-08-05,Siemens iQ500 Washing Machine,927.52,Germany_DE
2026-08-06,Siemens iQ500 Washing Machine,899.96,Germany_DE
2026-08-07,Siemens iQ500 Washing Machine,903.77,Germany_DE
2026-08-08,Siemens iQ500 Washing Machine,1115.57,Germany_DE
2026-08-09,Siemens iQ500 Washing Machine,569.01,Germany_DE
2026-08-10,Siemens iQ500 Washing Machine,884.99,Germany_DE
2026-08-11,Siemens iQ500 Washing Machine,854.46,Germany_DE
2026-08-12,Siemens iQ500 Washing Machine,877.9,Germany_DE
2026-08-13,Siemens iQ500 Washing Machine,863.41,Germany_DE
2026-08-14,Siemens iQ500 Washing Machine,923.66,Germany_DE
2026-08-15,Siemens iQ500 Washing Machine,1115.91,Germany_DE
2026-08-16,Siemens iQ500 Washing Machine,574.23,Germany_DE
2026-08-17,Siemens iQ500 Washing Machine,883.02,Germany_DE
2026-08-18,Siemens iQ500 Washing Machine,897.6,Germany_DE
2026-08-19,Siemens iQ500 Washing Machine,879.7,Germany_DE
2026-08-20,Siemens iQ500 Washing Machine,899.81,Germany_DE
2026-08-21,Siemens iQ500 Washing Machine,900.93,Germany_DE
2026-08-22,Siemens iQ500 Washing Machine,1092.5,Germany_DE
2026-08-23,Siemens iQ500 Washing Machine,556.84,Germany_DE
2026-08-24,Siemens iQ500 Washing Machine,914.44,Germany_DE
2026-08-25,Siemens iQ500 Washing Machine,893.9,Germany_DE
2026-08-26,Siemens iQ500 Washing Machine,879.12,Germany_DE
2026-08-27,Siemens iQ500 Washing Machine,887.13,Germany_DE
2026-08-28,Siemens iQ500 Washing Machine,874.15,Germany_DE
2026-08-29,Siemens iQ500 Washing Machine,1106.86,Germany_DE
2026-08-30,Siemens iQ500 Washing Machine,589.7,Germany_DE
2026-08-31,Siemens iQ500 Washing Machine,893.4,Germany_DE
2024-09-01,Adidas Ultraboost 5 Sneakers,159.96,Germany_DE
2024-09-02,Adidas Ultraboost 5 Sneakers,500.01,Germany_DE
2024-09-03,Adidas Ultraboost 5 Sneakers,471.24,Germany_DE
2024-09-04,Adidas Ultraboost 5 Sneakers,461.75,Germany_DE
2024-09-05,Adidas Ultraboost 5 Sneakers,457.67,Germany_DE
2024-09-06,Adidas Ultraboost 5 Sneakers,439.28,Germany_DE
2024-09-07,Adidas Ultraboost 5 Sneakers,739.4,Germany_DE
2024-09-08,Adidas Ultraboost 5 Sneakers,127.3,Germany_DE
2024-09-09,Adidas Ultraboost 5 Sneakers,474.44,Germany_DE
2024-09-10,Adidas Ultraboost 5 Sneakers,473.47,Germany_DE
2024-09-11,Adidas Ultraboost 5 Sneakers,485.3,Germany_DE
2024-09-12,Adidas Ultraboost 5 Sneakers,495.65,Germany_DE
2024-09-13,Adidas Ultraboost 5 Sneakers,496.74,Germany_DE
2024-09-14,Adidas Ultraboost 5 Sneakers,687.69,Germany_DE
2024-09-15,Adidas Ultraboost 5 Sneakers,147.26,Germany_DE
2024-09-16,Adidas Ultraboost 5 Sneakers,485.92,Germany_DE
2024-09-17,Adidas Ultraboost 5 Sneakers,475.58,Germany_DE
2024-09-18,Adidas Ultraboost 5 Sneakers,513.02,Germany_DE
2024-09-19,Adidas Ultraboost 5 Sneakers,491.03,Germany_DE
2024-09-20,Adidas Ultraboost 5 Sneakers,496.27,Germany_DE
2024-09-21,Adidas Ultraboost 5 Sneakers,714.81,Germany_DE
2024-09-22,Adidas Ultraboost 5 Sneakers,176.43,Germany_DE
2024-09-23,Adidas Ultraboost 5 Sneakers,486.41,Germany_DE
2024-09-24,Adidas Ultraboost 5 Sneakers,457.31,Germany_DE
2024-09-25,Adidas Ultraboost 5 Sneakers,491.72,Germany_DE
2024-09-26,Adidas Ultraboost 5 Sneakers,471.2,Germany_DE
2024-09-27,Adidas Ultraboost 5 Sneakers,474.18,Germany_DE
2024-09-28,Adidas Ultraboost 5 Sneakers,716.63,Germany_DE
2024-09-29,Adidas Ultraboost 5 Sneakers,181.24,Germany_DE
2024-09-30,Adidas Ultraboost 5 Sneakers,486.9,Germany_DE
2024-10-01,Adidas Ultraboost 5 Sneakers,493.27,Germany_DE
2024-10-02,Adidas Ultraboost 5 Sneakers,521.78,Germany_DE
2024-10-03,Adidas Ultraboost 5 Sneakers,493.22,Germany_DE
2024-10-04,Adidas Ultraboost 5 Sneakers,541.13,Germany_DE
2024-10-05,Adidas Ultraboost 5 Sneakers,720.72,Germany_DE
2024-10-06,Adidas Ultraboost 5 Sneakers,125.93,Germany_DE
2024-10-07,Adidas Ultraboost 5 Sneakers,506.38,Germany_DE
2024-10-08,Adidas Ultraboost 5 Sneakers,499.72,Germany_DE
2024-10-09,Adidas Ultraboost 5 Sneakers,518.7,Germany_DE
2024-10-10,Adidas Ultraboost 5 Sneakers,507.2,Germany_DE
2024-10-11,Adidas Ultraboost 5 Sneakers,491.83,Germany_DE
2024-10-12,Adidas Ultraboost 5 Sneakers,690.59,Germany_DE
2024-10-13,Adidas Ultraboost 5 Sneakers,162.8,Germany_DE
2024-10-14,Adidas Ultraboost 5 Sneakers,480.29,Germany_DE
2024-10-15,Adidas Ultraboost 5 Sneakers,486.64,Germany_DE
2024-10-16,Adidas Ultraboost 5 Sneakers,510.99,Germany_DE
2024-10-17,Adidas Ultraboost 5 Sneakers,533.61,Germany_DE
2024-10-18,Adidas Ultraboost 5 Sneakers,509.12,Germany_DE
2024-10-19,Adidas Ultraboost 5 Sneakers,697.95,Germany_DE
2024-10-20,Adidas Ultraboost 5 Sneakers,182.82,Germany_DE
2024-10-21,Adidas Ultraboost 5 Sneakers,528.35,Germany_DE
2024-10-22,Adidas Ultraboost 5 Sneakers,493.33,Germany_DE
2024-10-23,Adidas Ultraboost 5 Sneakers,503.97,Germany_DE
2024-10-24,Adidas Ultraboost 5 Sneakers,508.09,Germany_DE
2024-10-25,Adidas Ultraboost 5 Sneakers,493.27,Germany_DE
2024-10-26,Adidas Ultraboost 5 Sneakers,742.73,Germany_DE
2024-10-27,Adidas Ultraboost 5 Sneakers,179.56,Germany_DE
2024-10-28,Adidas Ultraboost 5 Sneakers,521.01,Germany_DE
2024-10-29,Adidas Ultraboost 5 Sneakers,496.12,Germany_DE
2024-10-30,Adidas Ultraboost 5 Sneakers,506.4,Germany_DE
2024-10-31,Adidas Ultraboost 5 Sneakers,530.89,Germany_DE
2024-11-01,Adidas Ultraboost 5 Sneakers,510.31,Germany_DE
2024-11-02,Adidas Ultraboost 5 Sneakers,773.24,Germany_DE
2024-11-03,Adidas Ultraboost 5 Sneakers,183.07,Germany_DE
2024-11-04,Adidas Ultraboost 5 Sneakers,526.33,Germany_DE
2024-11-05,Adidas Ultraboost 5 Sneakers,541.89,Germany_DE
2024-11-06,Adidas Ultraboost 5 Sneakers,496.29,Germany_DE
2024-11-07,Adidas Ultraboost 5 Sneakers,490.87,Germany_DE
2024-11-08,Adidas Ultraboost 5 Sneakers,497.03,Germany_DE
2024-11-09,Adidas Ultraboost 5 Sneakers,773.87,Germany_DE
2024-11-10,Adidas Ultraboost 5 Sneakers,190.07,Germany_DE
2024-11-11,Adidas Ultraboost 5 Sneakers,583.18,Germany_DE
2024-11-12,Adidas Ultraboost 5 Sneakers,522.26,Germany_DE
2024-11-13,Adidas Ultraboost 5 Sneakers,538.78,Germany_DE
2024-11-14,Adidas Ultraboost 5 Sneakers,567.49,Germany_DE
2024-11-15,Adidas Ultraboost 5 Sneakers,578.35,Germany_DE
2024-11-16,Adidas Ultraboost 5 Sneakers,800.65,Germany_DE
2024-11-17,Adidas Ultraboost 5 Sneakers,236.2,Germany_DE
2024-11-18,Adidas Ultraboost 5 Sneakers,563.54,Germany_DE
2024-11-19,Adidas Ultraboost 5 Sneakers,556.56,Germany_DE
2024-11-20,Adidas Ultraboost 5 Sneakers,561.93,Germany_DE
2024-11-21,Adidas Ultraboost 5 Sneakers,537.01,Germany_DE
2024-11-22,Adidas Ultraboost 5 Sneakers,533.36,Germany_DE
2024-11-23,Adidas Ultraboost 5 Sneakers,770.96,Germany_DE
2024-11-24,Adidas Ultraboost 5 Sneakers,220.34,Germany_DE
2024-11-25,Adidas Ultraboost 5 Sneakers,545.81,Germany_DE
2024-11-26,Adidas Ultraboost 5 Sneakers,570.55,Germany_DE
2024-11-27,Adidas Ultraboost 5 Sneakers,577.48,Germany_DE
2024-11-28,Adidas Ultraboost 5 Sneakers,561.91,Germany_DE
2024-11-29,Adidas Ultraboost 5 Sneakers,591.48,Germany_DE
2024-11-30,Adidas Ultraboost 5 Sneakers,960.49,Germany_DE
2024-12-01,Adidas Ultraboost 5 Sneakers,432.25,Germany_DE
2024-12-02,Adidas Ultraboost 5 Sneakers,753.01,Germany_DE
2024-12-03,Adidas Ultraboost 5 Sneakers,731.84,Germany_DE
2024-12-04,Adidas Ultraboost 5 Sneakers,769.36,Germany_DE
2024-12-05,Adidas Ultraboost 5 Sneakers,770.42,Germany_DE
2024-12-06,Adidas Ultraboost 5 Sneakers,804.99,Germany_DE
2024-12-07,Adidas Ultraboost 5 Sneakers,1008.8,Germany_DE
2024-12-08,Adidas Ultraboost 5 Sneakers,428.58,Germany_DE
2024-12-09,Adidas Ultraboost 5 Sneakers,817.43,Germany_DE
2024-12-10,Adidas Ultraboost 5 Sneakers,806.67,Germany_DE
2024-12-11,Adidas Ultraboost 5 Sneakers,795.79,Germany_DE
2024-12-12,Adidas Ultraboost 5 Sneakers,781.53,Germany_DE
2024-12-13,Adidas Ultraboost 5 Sneakers,768.79,Germany_DE
2024-12-14,Adidas Ultraboost 5 Sneakers,1002.06,Germany_DE
2024-12-15,Adidas Ultraboost 5 Sneakers,484.21,Germany_DE
2024-12-16,Adidas Ultraboost 5 Sneakers,831.46,Germany_DE
2024-12-17,Adidas Ultraboost 5 Sneakers,826.58,Germany_DE
2024-12-18,Adidas Ultraboost 5 Sneakers,787.88,Germany_DE
2024-12-19,Adidas Ultraboost 5 Sneakers,777.22,Germany_DE
2024-12-20,Adidas Ultraboost 5 Sneakers,804.39,Germany_DE
2024-12-21,Adidas Ultraboost 5 Sneakers,787.76,Germany_DE
2024-12-22,Adidas Ultraboost 5 Sneakers,282.56,Germany_DE
2024-12-23,Adidas Ultraboost 5 Sneakers,604.51,Germany_DE
2024-12-24,Adidas Ultraboost 5 Sneakers,600.11,Germany_DE
2024-12-25,Adidas Ultraboost 5 Sneakers,579.51,Germany_DE
2024-12-26,Adidas Ultraboost 5 Sneakers,623.65,Germany_DE
2024-12-27,Adidas Ultraboost 5 Sneakers,604.71,Germany_DE
2024-12-28,Adidas Ultraboost 5 Sneakers,813.54,Germany_DE
2024-12-29,Adidas Ultraboost 5 Sneakers,232.47,Germany_DE
2024-12-30,Adidas Ultraboost 5 Sneakers,620.75,Germany_DE
2024-12-31,Adidas Ultraboost 5 Sneakers,658.72,Germany_DE
2025-01-01,Adidas Ultraboost 5 Sneakers,657.1,Germany_DE
2025-01-02,Adidas Ultraboost 5 Sneakers,616.72,Germany_DE
2025-01-03,Adidas Ultraboost 5 Sneakers,615.79,Germany_DE
2025-01-04,Adidas Ultraboost 5 Sneakers,858.79,Germany_DE
2025-01-05,Adidas Ultraboost 5 Sneakers,282.42,Germany_DE
2025-01-06,Adidas Ultraboost 5 Sneakers,639.8,Germany_DE
2025-01-07,Adidas Ultraboost 5 Sneakers,651.05,Germany_DE
2025-01-08,Adidas Ultraboost 5 Sneakers,662.24,Germany_DE
2025-01-09,Adidas Ultraboost 5 Sneakers,637.66,Germany_DE
2025-01-10,Adidas Ultraboost 5 Sneakers,637.55,Germany_DE
2025-01-11,Adidas Ultraboost 5 Sneakers,845.62,Germany_DE
2025-01-12,Adidas Ultraboost 5 Sneakers,299.6,Germany_DE
2025-01-13,Adidas Ultraboost 5 Sneakers,642.96,Germany_DE
2025-01-14,Adidas Ultraboost 5 Sneakers,656.77,Germany_DE
2025-01-15,Adidas Ultraboost 5 Sneakers,669.64,Germany_DE
2025-01-16,Adidas Ultraboost 5 Sneakers,637.23,Germany_DE
2025-01-17,Adidas Ultraboost 5 Sneakers,685.07,Germany_DE
2025-01-18,Adidas Ultraboost 5 Sneakers,871.31,Germany_DE
2025-01-19,Adidas Ultraboost 5 Sneakers,329.22,Germany_DE
2025-01-20,Adidas Ultraboost 5 Sneakers,646.01,Germany_DE
2025-01-21,Adidas Ultraboost 5 Sneakers,614.36,Germany_DE
2025-01-22,Adidas Ultraboost 5 Sneakers,682.41,Germany_DE
2025-01-23,Adidas Ultraboost 5 Sneakers,681.35,Germany_DE
2025-01-24,Adidas Ultraboost 5 Sneakers,662.85,Germany_DE
2025-01-25,Adidas Ultraboost 5 Sneakers,891.28,Germany_DE
2025-01-26,Adidas Ultraboost 5 Sneakers,353.1,Germany_DE
2025-01-27,Adidas Ultraboost 5 Sneakers,642.77,Germany_DE
2025-01-28,Adidas Ultraboost 5 Sneakers,665.27,Germany_DE
2025-01-29,Adidas Ultraboost 5 Sneakers,693.55,Germany_DE
2025-01-30,Adidas Ultraboost 5 Sneakers,654.39,Germany_DE
2025-01-31,Adidas Ultraboost 5 Sneakers,687.14,Germany_DE
2025-02-01,Adidas Ultraboost 5 Sneakers,875.52,Germany_DE
2025-02-02,Adidas Ultraboost 5 Sneakers,364.75,Germany_DE
2025-02-03,Adidas Ultraboost 5 Sneakers,685.86,Germany_DE
2025-02-04,Adidas Ultraboost 5 Sneakers,656.02,Germany_DE
2025-02-05,Adidas Ultraboost 5 Sneakers,713.35,Germany_DE
2025-02-06,Adidas Ultraboost 5 Sneakers,677.08,Germany_DE
2025-02-07,Adidas Ultraboost 5 Sneakers,677.27,Germany_DE
2025-02-08,Adidas Ultraboost 5 Sneakers,918.77,Germany_DE
2025-02-09,Adidas Ultraboost 5 Sneakers,390.4,Germany_DE
2025-02-10,Adidas Ultraboost 5 Sneakers,678.17,Germany_DE
2025-02-11,Adidas Ultraboost 5 Sneakers,701.37,Germany_DE
2025-02-12,Adidas Ultraboost 5 Sneakers,710.34,Germany_DE
2025-02-13,Adidas Ultraboost 5 Sneakers,717.23,Germany_DE
2025-02-14,Adidas Ultraboost 5 Sneakers,708.5,Germany_DE
2025-02-15,Adidas Ultraboost 5 Sneakers,918.8,Germany_DE
2025-02-16,Adidas Ultraboost 5 Sneakers,362.15,Germany_DE
2025-02-17,Adidas Ultraboost 5 Sneakers,711.37,Germany_DE
2025-02-18,Adidas Ultraboost 5 Sneakers,689.73,Germany_DE
2025-02-19,Adidas Ultraboost 5 Sneakers,654.26,Germany_DE
2025-02-20,Adidas Ultraboost 5 Sneakers,722.91,Germany_DE
2025-02-21,Adidas Ultraboost 5 Sneakers,733.73,Germany_DE
2025-02-22,Adidas Ultraboost 5 Sneakers,889.45,Germany_DE
2025-02-23,Adidas Ultraboost 5 Sneakers,368.95,Germany_DE
2025-02-24,Adidas Ultraboost 5 Sneakers,732.34,Germany_DE
2025-02-25,Adidas Ultraboost 5 Sneakers,762.51,Germany_DE
2025-02-26,Adidas Ultraboost 5 Sneakers,723.15,Germany_DE
2025-02-27,Adidas Ultraboost 5 Sneakers,709.53,Germany_DE
2025-02-28,Adidas Ultraboost 5 Sneakers,721.77,Germany_DE
2025-03-01,Adidas Ultraboost 5 Sneakers,973.85,Germany_DE
2025-03-02,Adidas Ultraboost 5 Sneakers,385.73,Germany_DE
2025-03-03,Adidas Ultraboost 5 Sneakers,713.34,Germany_DE
2025-03-04,Adidas Ultraboost 5 Sneakers,720.92,Germany_DE
2025-03-05,Adidas Ultraboost 5 Sneakers,712.75,Germany_DE
2025-03-06,Adidas Ultraboost 5 Sneakers,735.48,Germany_DE
2025-03-07,Adidas Ultraboost 5 Sneakers,766.72,Germany_DE
2025-03-08,Adidas Ultraboost 5 Sneakers,961.46,Germany_DE
2025-03-09,Adidas Ultraboost 5 Sneakers,402.1,Germany_DE
2025-03-10,Adidas Ultraboost 5 Sneakers,731.84,Germany_DE
2025-03-11,Adidas Ultraboost 5 Sneakers,707.51,Germany_DE
2025-03-12,Adidas Ultraboost 5 Sneakers,757.52,Germany_DE
2025-03-13,Adidas Ultraboost 5 Sneakers,739.37,Germany_DE
2025-03-14,Adidas Ultraboost 5 Sneakers,738.35,Germany_DE
2025-03-15,Adidas Ultraboost 5 Sneakers,1026.44,Germany_DE
2025-03-16,Adidas Ultraboost 5 Sneakers,420.55,Germany_DE
2025-03-17,Adidas Ultraboost 5 Sneakers,729.91,Germany_DE
2025-03-18,Adidas Ultraboost 5 Sneakers,737.37,Germany_DE
2025-03-19,Adidas Ultraboost 5 Sneakers,769.79,Germany_DE
2025-03-20,Adidas Ultraboost 5 Sneakers,749.99,Germany_DE
2025-03-21,Adidas Ultraboost 5 Sneakers,719.84,Germany_DE
2025-03-22,Adidas Ultraboost 5 Sneakers,987.44,Germany_DE
2025-03-23,Adidas Ultraboost 5 Sneakers,407.53,Germany_DE
2025-03-24,Adidas Ultraboost 5 Sneakers,788.56,Germany_DE
2025-03-25,Adidas Ultraboost 5 Sneakers,773.48,Germany_DE
2025-03-26,Adidas Ultraboost 5 Sneakers,743.7,Germany_DE
2025-03-27,Adidas Ultraboost 5 Sneakers,779.0,Germany_DE
2025-03-28,Adidas Ultraboost 5 Sneakers,755.46,Germany_DE
2025-03-29,Adidas Ultraboost 5 Sneakers,991.45,Germany_DE
2025-03-30,Adidas Ultraboost 5 Sneakers,435.75,Germany_DE
2025-03-31,Adidas Ultraboost 5 Sneakers,739.18,Germany_DE
2025-04-01,Adidas Ultraboost 5 Sneakers,743.85,Germany_DE
2025-04-02,Adidas Ultraboost 5 Sneakers,777.92,Germany_DE
2025-04-03,Adidas Ultraboost 5 Sneakers,751.2,Germany_DE
2025-04-04,Adidas Ultraboost 5 Sneakers,750.37,Germany_DE
2025-04-05,Adidas Ultraboost 5 Sneakers,959.46,Germany_DE
2025-04-06,Adidas Ultraboost 5 Sneakers,438.54,Germany_DE
2025-04-07,Adidas Ultraboost 5 Sneakers,801.2,Germany_DE
2025-04-08,Adidas Ultraboost 5 Sneakers,739.05,Germany_DE
2025-04-09,Adidas Ultraboost 5 Sneakers,761.32,Germany_DE
2025-04-10,Adidas Ultraboost 5 Sneakers,789.48,Germany_DE
2025-04-11,Adidas Ultraboost 5 Sneakers,760.03,Germany_DE
2025-04-12,Adidas Ultraboost 5 Sneakers,990.63,Germany_DE
2025-04-13,Adidas Ultraboost 5 Sneakers,411.67,Germany_DE
2025-04-14,Adidas Ultraboost 5 Sneakers,771.2,Germany_DE
2025-04-15,Adidas Ultraboost 5 Sneakers,759.18,Germany_DE
2025-04-16,Adidas Ultraboost 5 Sneakers,782.91,Germany_DE
2025-04-17,Adidas Ultraboost 5 Sneakers,787.19,Germany_DE
2025-04-18,Adidas Ultraboost 5 Sneakers,815.45,Germany_DE
2025-04-19,Adidas Ultraboost 5 Sneakers,995.06,Germany_DE
2025-04-20,Adidas Ultraboost 5 Sneakers,441.16,Germany_DE
2025-04-21,Adidas Ultraboost 5 Sneakers,768.08,Germany_DE
2025-04-22,Adidas Ultraboost 5 Sneakers,757.26,Germany_DE
2025-04-23,Adidas Ultraboost 5 Sneakers,771.21,Germany_DE
2025-04-24,Adidas Ultraboost 5 Sneakers,758.62,Germany_DE
2025-04-25,Adidas Ultraboost 5 Sneakers,767.96,Germany_DE
2025-04-26,Adidas Ultraboost 5 Sneakers,1010.59,Germany_DE
2025-04-27,Adidas Ultraboost 5 Sneakers,415.13,Germany_DE
2025-04-28,Adidas Ultraboost 5 Sneakers,787.45,Germany_DE
2025-04-29,Adidas Ultraboost 5 Sneakers,790.98,Germany_DE
2025-04-30,Adidas Ultraboost 5 Sneakers,762.23,Germany_DE
2025-05-01,Adidas Ultraboost 5 Sneakers,722.1,Germany_DE
2025-05-02,Adidas Ultraboost 5 Sneakers,752.29,Germany_DE
2025-05-03,Adidas Ultraboost 5 Sneakers,1009.89,Germany_DE
2025-05-04,Adidas Ultraboost 5 Sneakers,434.37,Germany_DE
2025-05-05,Adidas Ultraboost 5 Sneakers,744.1,Germany_DE
2025-05-06,Adidas Ultraboost 5 Sneakers,753.82,Germany_DE
2025-05-07,Adidas Ultraboost 5 Sneakers,780.55,Germany_DE
2025-05-08,Adidas Ultraboost 5 Sneakers,774.47,Germany_DE
2025-05-09,Adidas Ultraboost 5 Sneakers,758.53,Germany_DE
2025-05-10,Adidas Ultraboost 5 Sneakers,975.34,Germany_DE
2025-05-11,Adidas Ultraboost 5 Sneakers,425.58,Germany_DE
2025-05-12,Adidas Ultraboost 5 Sneakers,744.09,Germany_DE
2025-05-13,Adidas Ultraboost 5 Sneakers,794.55,Germany_DE
2025-05-14,Adidas Ultraboost 5 Sneakers,755.48,Germany_DE
2025-05-15,Adidas Ultraboost 5 Sneakers,785.94,Germany_DE
2025-05-16,Adidas Ultraboost 5 Sneakers,791.68,Germany_DE
2025-05-17,Adidas Ultraboost 5 Sneakers,1000.45,Germany_DE
2025-05-18,Adidas Ultraboost 5 Sneakers,422.47,Germany_DE
2025-05-19,Adidas Ultraboost 5 Sneakers,768.18,Germany_DE
2025-05-20,Adidas Ultraboost 5 Sneakers,759.21,Germany_DE
2025-05-21,Adidas Ultraboost 5 Sneakers,741.19,Germany_DE
2025-05-22,Adidas Ultraboost 5 Sneakers,765.3,Germany_DE
2025-05-23,Adidas Ultraboost 5 Sneakers,734.77,Germany_DE
2025-05-24,Adidas Ultraboost 5 Sneakers,1001.23,Germany_DE
2025-05-25,Adidas Ultraboost 5 Sneakers,418.69,Germany_DE
2025-05-26,Adidas Ultraboost 5 Sneakers,760.91,Germany_DE
2025-05-27,Adidas Ultraboost 5 Sneakers,762.03,Germany_DE
2025-05-28,Adidas Ultraboost 5 Sneakers,750.65,Germany_DE
2025-05-29,Adidas Ultraboost 5 Sneakers,767.02,Germany_DE
2025-05-30,Adidas Ultraboost 5 Sneakers,745.23,Germany_DE
2025-05-31,Adidas Ultraboost 5 Sneakers,991.18,Germany_DE
2025-06-01,Adidas Ultraboost 5 Sneakers,397.25,Germany_DE
2025-06-02,Adidas Ultraboost 5 Sneakers,755.51,Germany_DE
2025-06-03,Adidas Ultraboost 5 Sneakers,791.15,Germany_DE
2025-06-04,Adidas Ultraboost 5 Sneakers,731.75,Germany_DE
2025-06-05,Adidas Ultraboost 5 Sneakers,737.57,Germany_DE
2025-06-06,Adidas Ultraboost 5 Sneakers,760.76,Germany_DE
2025-06-07,Adidas Ultraboost 5 Sneakers,973.03,Germany_DE
2025-06-08,Adidas Ultraboost 5 Sneakers,426.79,Germany_DE
2025-06-09,Adidas Ultraboost 5 Sneakers,758.29,Germany_DE
2025-06-10,Adidas Ultraboost 5 Sneakers,760.53,Germany_DE
2025-06-11,Adidas Ultraboost 5 Sneakers,769.34,Germany_DE
2025-06-12,Adidas Ultraboost 5 Sneakers,754.65,Germany_DE
2025-06-13,Adidas Ultraboost 5 Sneakers,740.93,Germany_DE
2025-06-14,Adidas Ultraboost 5 Sneakers,978.09,Germany_DE
2025-06-15,Adidas Ultraboost 5 Sneakers,452.92,Germany_DE
2025-06-16,Adidas Ultraboost 5 Sneakers,740.95,Germany_DE
2025-06-17,Adidas Ultraboost 5 Sneakers,723.38,Germany_DE
2025-06-18,Adidas Ultraboost 5 Sneakers,764.28,Germany_DE
2025-06-19,Adidas Ultraboost 5 Sneakers,738.99,Germany_DE
2025-06-20,Adidas Ultraboost 5 Sneakers,697.2,Germany_DE
2025-06-21,Adidas Ultraboost 5 Sneakers,976.45,Germany_DE
2025-06-22,Adidas Ultraboost 5 Sneakers,399.04,Germany_DE
2025-06-23,Adidas Ultraboost 5 Sneakers,736.58,Germany_DE
2025-06-24,Adidas Ultraboost 5 Sneakers,744.27,Germany_DE
2025-06-25,Adidas Ultraboost 5 Sneakers,740.68,Germany_DE
2025-06-26,Adidas Ultraboost 5 Sneakers,750.29,Germany_DE
2025-06-27,Adidas Ultraboost 5 Sneakers,726.62,Germany_DE
2025-06-28,Adidas Ultraboost 5 Sneakers,964.42,Germany_DE
2025-06-29,Adidas Ultraboost 5 Sneakers,399.19,Germany_DE
2025-06-30,Adidas Ultraboost 5 Sneakers,747.79,Germany_DE
2025-07-01,Adidas Ultraboost 5 Sneakers,744.54,Germany_DE
2025-07-02,Adidas Ultraboost 5 Sneakers,712.75,Germany_DE
2025-07-03,Adidas Ultraboost 5 Sneakers,752.41,Germany_DE
2025-07-04,Adidas Ultraboost 5 Sneakers,719.19,Germany_DE
2025-07-05,Adidas Ultraboost 5 Sneakers,964.9,Germany_DE
2025-07-06,Adidas Ultraboost 5 Sneakers,406.32,Germany_DE
2025-07-07,Adidas Ultraboost 5 Sneakers,764.36,Germany_DE
2025-07-08,Adidas Ultraboost 5 Sneakers,722.36,Germany_DE
2025-07-09,Adidas Ultraboost 5 Sneakers,719.08,Germany_DE
2025-07-10,Adidas Ultraboost 5 Sneakers,724.92,Germany_DE
2025-07-11,Adidas Ultraboost 5 Sneakers,718.48,Germany_DE
2025-07-12,Adidas Ultraboost 5 Sneakers,959.39,Germany_DE
2025-07-13,Adidas Ultraboost 5 Sneakers,361.32,Germany_DE
2025-07-14,Adidas Ultraboost 5 Sneakers,701.22,Germany_DE
2025-07-15,Adidas Ultraboost 5 Sneakers,700.2,Germany_DE
2025-07-16,Adidas Ultraboost 5 Sneakers,739.83,Germany_DE
2025-07-17,Adidas Ultraboost 5 Sneakers,754.31,Germany_DE
2025-07-18,Adidas Ultraboost 5 Sneakers,717.28,Germany_DE
2025-07-19,Adidas Ultraboost 5 Sneakers,934.88,Germany_DE
2025-07-20,Adidas Ultraboost 5 Sneakers,389.95,Germany_DE
2025-07-21,Adidas Ultraboost 5 Sneakers,740.48,Germany_DE
2025-07-22,Adidas Ultraboost 5 Sneakers,698.0,Germany_DE
2025-07-23,Adidas Ultraboost 5 Sneakers,720.63,Germany_DE
2025-07-24,Adidas Ultraboost 5 Sneakers,734.69,Germany_DE
2025-07-25,Adidas Ultraboost 5 Sneakers,724.54,Germany_DE
2025-07-26,Adidas Ultraboost 5 Sneakers,937.25,Germany_DE
2025-07-27,Adidas Ultraboost 5 Sneakers,403.83,Germany_DE
2025-07-28,Adidas Ultraboost 5 Sneakers,658.51,Germany_DE
2025-07-29,Adidas Ultraboost 5 Sneakers,725.5,Germany_DE
2025-07-30,Adidas Ultraboost 5 Sneakers,698.25,Germany_DE
2025-07-31,Adidas Ultraboost 5 Sneakers,674.11,Germany_DE
2025-08-01,Adidas Ultraboost 5 Sneakers,720.35,Germany_DE
2025-08-02,Adidas Ultraboost 5 Sneakers,956.62,Germany_DE
2025-08-03,Adidas Ultraboost 5 Sneakers,376.82,Germany_DE
2025-08-04,Adidas Ultraboost 5 Sneakers,727.47,Germany_DE
2025-08-05,Adidas Ultraboost 5 Sneakers,740.11,Germany_DE
2025-08-06,Adidas Ultraboost 5 Sneakers,733.63,Germany_DE
2025-08-07,Adidas Ultraboost 5 Sneakers,739.62,Germany_DE
2025-08-08,Adidas Ultraboost 5 Sneakers,721.15,Germany_DE
2025-08-09,Adidas Ultraboost 5 Sneakers,926.93,Germany_DE
2025-08-10,Adidas Ultraboost 5 Sneakers,343.91,Germany_DE
2025-08-11,Adidas Ultraboost 5 Sneakers,699.96,Germany_DE
2025-08-12,Adidas Ultraboost 5 Sneakers,687.57,Germany_DE
2025-08-13,Adidas Ultraboost 5 Sneakers,747.43,Germany_DE
2025-08-14,Adidas Ultraboost 5 Sneakers,700.08,Germany_DE
2025-08-15,Adidas Ultraboost 5 Sneakers,705.66,Germany_DE
2025-08-16,Adidas Ultraboost 5 Sneakers,933.44,Germany_DE
2025-08-17,Adidas Ultraboost 5 Sneakers,373.92,Germany_DE
2025-08-18,Adidas Ultraboost 5 Sneakers,736.0,Germany_DE
2025-08-19,Adidas Ultraboost 5 Sneakers,689.32,Germany_DE
2025-08-20,Adidas Ultraboost 5 Sneakers,705.35,Germany_DE
2025-08-21,Adidas Ultraboost 5 Sneakers,686.31,Germany_DE
2025-08-22,Adidas Ultraboost 5 Sneakers,674.49,Germany_DE
2025-08-23,Adidas Ultraboost 5 Sneakers,907.99,Germany_DE
2025-08-24,Adidas Ultraboost 5 Sneakers,370.25,Germany_DE
2025-08-25,Adidas Ultraboost 5 Sneakers,691.58,Germany_DE
2025-08-26,Adidas Ultraboost 5 Sneakers,686.11,Germany_DE
2025-08-27,Adidas Ultraboost 5 Sneakers,671.65,Germany_DE
2025-08-28,Adidas Ultraboost 5 Sneakers,697.96,Germany_DE
2025-08-29,Adidas Ultraboost 5 Sneakers,669.38,Germany_DE
2025-08-30,Adidas Ultraboost 5 Sneakers,934.15,Germany_DE
2025-08-31,Adidas Ultraboost 5 Sneakers,371.5,Germany_DE
2025-09-01,Adidas Ultraboost 5 Sneakers,670.01,Germany_DE
2025-09-02,Adidas Ultraboost 5 Sneakers,692.92,Germany_DE
2025-09-03,Adidas Ultraboost 5 Sneakers,684.02,Germany_DE
2025-09-04,Adidas Ultraboost 5 Sneakers,705.42,Germany_DE
2025-09-05,Adidas Ultraboost 5 Sneakers,725.85,Germany_DE
2025-09-06,Adidas Ultraboost 5 Sneakers,881.16,Germany_DE
2025-09-07,Adidas Ultraboost 5 Sneakers,372.01,Germany_DE
2025-09-08,Adidas Ultraboost 5 Sneakers,695.97,Germany_DE
2025-09-09,Adidas Ultraboost 5 Sneakers,712.69,Germany_DE
2025-09-10,Adidas Ultraboost 5 Sneakers,703.64,Germany_DE
2025-09-11,Adidas Ultraboost 5 Sneakers,684.47,Germany_DE
2025-09-12,Adidas Ultraboost 5 Sneakers,693.28,Germany_DE
2025-09-13,Adidas Ultraboost 5 Sneakers,903.52,Germany_DE
2025-09-14,Adidas Ultraboost 5 Sneakers,392.16,Germany_DE
2025-09-15,Adidas Ultraboost 5 Sneakers,700.68,Germany_DE
2025-09-16,Adidas Ultraboost 5 Sneakers,738.53,Germany_DE
2025-09-17,Adidas Ultraboost 5 Sneakers,699.56,Germany_DE
2025-09-18,Adidas Ultraboost 5 Sneakers,686.89,Germany_DE
2025-09-19,Adidas Ultraboost 5 Sneakers,671.1,Germany_DE
2025-09-20,Adidas Ultraboost 5 Sneakers,885.25,Germany_DE
2025-09-21,Adidas Ultraboost 5 Sneakers,340.99,Germany_DE
2025-09-22,Adidas Ultraboost 5 Sneakers,707.8,Germany_DE
2025-09-23,Adidas Ultraboost 5 Sneakers,713.04,Germany_DE
2025-09-24,Adidas Ultraboost 5 Sneakers,671.67,Germany_DE
2025-09-25,Adidas Ultraboost 5 Sneakers,721.65,Germany_DE
2025-09-26,Adidas Ultraboost 5 Sneakers,694.57,Germany_DE
2025-09-27,Adidas Ultraboost 5 Sneakers,927.27,Germany_DE
2025-09-28,Adidas Ultraboost 5 Sneakers,408.1,Germany_DE
2025-09-29,Adidas Ultraboost 5 Sneakers,723.74,Germany_DE
2025-09-30,Adidas Ultraboost 5 Sneakers,701.01,Germany_DE
2025-10-01,Adidas Ultraboost 5 Sneakers,689.15,Germany_DE
2025-10-02,Adidas Ultraboost 5 Sneakers,664.56,Germany_DE
2025-10-03,Adidas Ultraboost 5 Sneakers,693.86,Germany_DE
2025-10-04,Adidas Ultraboost 5 Sneakers,924.29,Germany_DE
2025-10-05,Adidas Ultraboost 5 Sneakers,360.46,Germany_DE
2025-10-06,Adidas Ultraboost 5 Sneakers,707.69,Germany_DE
2025-10-07,Adidas Ultraboost 5 Sneakers,712.59,Germany_DE
2025-10-08,Adidas Ultraboost 5 Sneakers,707.32,Germany_DE
2025-10-09,Adidas Ultraboost 5 Sneakers,699.6,Germany_DE
2025-10-10,Adidas Ultraboost 5 Sneakers,716.78,Germany_DE
2025-10-11,Adidas Ultraboost 5 Sneakers,942.68,Germany_DE
2025-10-12,Adidas Ultraboost 5 Sneakers,363.89,Germany_DE
2025-10-13,Adidas Ultraboost 5 Sneakers,744.2,Germany_DE
2025-10-14,Adidas Ultraboost 5 Sneakers,714.91,Germany_DE
2025-10-15,Adidas Ultraboost 5 Sneakers,718.18,Germany_DE
2025-10-16,Adidas Ultraboost 5 Sneakers,732.92,Germany_DE
2025-10-17,Adidas Ultraboost 5 Sneakers,724.39,Germany_DE
2025-10-18,Adidas Ultraboost 5 Sneakers,959.38,Germany_DE
2025-10-19,Adidas Ultraboost 5 Sneakers,398.08,Germany_DE
2025-10-20,Adidas Ultraboost 5 Sneakers,710.53,Germany_DE
2025-10-21,Adidas Ultraboost 5 Sneakers,731.07,Germany_DE
2025-10-22,Adidas Ultraboost 5 Sneakers,702.05,Germany_DE
2025-10-23,Adidas Ultraboost 5 Sneakers,728.2,Germany_DE
2025-10-24,Adidas Ultraboost 5 Sneakers,726.49,Germany_DE
2025-10-25,Adidas Ultraboost 5 Sneakers,943.74,Germany_DE
2025-10-26,Adidas Ultraboost 5 Sneakers,397.51,Germany_DE
2025-10-27,Adidas Ultraboost 5 Sneakers,693.03,Germany_DE
2025-10-28,Adidas Ultraboost 5 Sneakers,720.91,Germany_DE
2025-10-29,Adidas Ultraboost 5 Sneakers,734.98,Germany_DE
2025-10-30,Adidas Ultraboost 5 Sneakers,737.57,Germany_DE
2025-10-31,Adidas Ultraboost 5 Sneakers,715.1,Germany_DE
2025-11-01,Adidas Ultraboost 5 Sneakers,981.86,Germany_DE
2025-11-02,Adidas Ultraboost 5 Sneakers,391.55,Germany_DE
2025-11-03,Adidas Ultraboost 5 Sneakers,759.0,Germany_DE
2025-11-04,Adidas Ultraboost 5 Sneakers,749.51,Germany_DE
2025-11-05,Adidas Ultraboost 5 Sneakers,729.42,Germany_DE
2025-11-06,Adidas Ultraboost 5 Sneakers,779.25,Germany_DE
2025-11-07,Adidas Ultraboost 5 Sneakers,721.29,Germany_DE
2025-11-08,Adidas Ultraboost 5 Sneakers,984.58,Germany_DE
2025-11-09,Adidas Ultraboost 5 Sneakers,438.66,Germany_DE
2025-11-10,Adidas Ultraboost 5 Sneakers,736.11,Germany_DE
2025-11-11,Adidas Ultraboost 5 Sneakers,778.86,Germany_DE
2025-11-12,Adidas Ultraboost 5 Sneakers,747.52,Germany_DE
2025-11-13,Adidas Ultraboost 5 Sneakers,759.82,Germany_DE
2025-11-14,Adidas Ultraboost 5 Sneakers,760.8,Germany_DE
2025-11-15,Adidas Ultraboost 5 Sneakers,974.07,Germany_DE
2025-11-16,Adidas Ultraboost 5 Sneakers,445.55,Germany_DE
2025-11-17,Adidas Ultraboost 5 Sneakers,776.2,Germany_DE
2025-11-18,Adidas Ultraboost 5 Sneakers,726.97,Germany_DE
2025-11-19,Adidas Ultraboost 5 Sneakers,789.65,Germany_DE
2025-11-20,Adidas Ultraboost 5 Sneakers,731.96,Germany_DE
2025-11-21,Adidas Ultraboost 5 Sneakers,787.52,Germany_DE
2025-11-22,Adidas Ultraboost 5 Sneakers,1010.67,Germany_DE
2025-11-23,Adidas Ultraboost 5 Sneakers,419.01,Germany_DE
2025-11-24,Adidas Ultraboost 5 Sneakers,763.71,Germany_DE
2025-11-25,Adidas Ultraboost 5 Sneakers,751.53,Germany_DE
2025-11-26,Adidas Ultraboost 5 Sneakers,771.08,Germany_DE
2025-11-27,Adidas Ultraboost 5 Sneakers,770.96,Germany_DE
2025-11-28,Adidas Ultraboost 5 Sneakers,794.47,Germany_DE
2025-11-29,Adidas Ultraboost 5 Sneakers,1026.45,Germany_DE
2025-11-30,Adidas Ultraboost 5 Sneakers,480.94,Germany_DE
2025-12-01,Adidas Ultraboost 5 Sneakers,972.98,Germany_DE
2025-12-02,Adidas Ultraboost 5 Sneakers,981.85,Germany_DE
2025-12-03,Adidas Ultraboost 5 Sneakers,954.18,Germany_DE
2025-12-04,Adidas Ultraboost 5 Sneakers,973.56,Germany_DE
2025-12-05,Adidas Ultraboost 5 Sneakers,1010.81,Germany_DE
2025-12-06,Adidas Ultraboost 5 Sneakers,1245.27,Germany_DE
2025-12-07,Adidas Ultraboost 5 Sneakers,641.13,Germany_DE
2025-12-08,Adidas Ultraboost 5 Sneakers,985.24,Germany_DE
2025-12-09,Adidas Ultraboost 5 Sneakers,998.44,Germany_DE
2025-12-10,Adidas Ultraboost 5 Sneakers,1006.46,Germany_DE
2025-12-11,Adidas Ultraboost 5 Sneakers,986.56,Germany_DE
2025-12-12,Adidas Ultraboost 5 Sneakers,1013.13,Germany_DE
2025-12-13,Adidas Ultraboost 5 Sneakers,1216.69,Germany_DE
2025-12-14,Adidas Ultraboost 5 Sneakers,678.79,Germany_DE
2025-12-15,Adidas Ultraboost 5 Sneakers,1021.33,Germany_DE
2025-12-16,Adidas Ultraboost 5 Sneakers,1012.46,Germany_DE
2025-12-17,Adidas Ultraboost 5 Sneakers,1005.54,Germany_DE
2025-12-18,Adidas Ultraboost 5 Sneakers,1014.02,Germany_DE
2025-12-19,Adidas Ultraboost 5 Sneakers,1016.39,Germany_DE
2025-12-20,Adidas Ultraboost 5 Sneakers,1232.31,Germany_DE
2025-12-21,Adidas Ultraboost 5 Sneakers,687.5,Germany_DE
2025-12-22,Adidas Ultraboost 5 Sneakers,856.01,Germany_DE
2025-12-23,Adidas Ultraboost 5 Sneakers,837.22,Germany_DE
2025-12-24,Adidas Ultraboost 5 Sneakers,822.06,Germany_DE
2025-12-25,Adidas Ultraboost 5 Sneakers,843.88,Germany_DE
2025-12-26,Adidas Ultraboost 5 Sneakers,825.23,Germany_DE
2025-12-27,Adidas Ultraboost 5 Sneakers,1076.95,Germany_DE
2025-12-28,Adidas Ultraboost 5 Sneakers,513.86,Germany_DE
2025-12-29,Adidas Ultraboost 5 Sneakers,835.7,Germany_DE
2025-12-30,Adidas Ultraboost 5 Sneakers,848.77,Germany_DE
2025-12-31,Adidas Ultraboost 5 Sneakers,810.38,Germany_DE
2026-01-01,Adidas Ultraboost 5 Sneakers,821.24,Germany_DE
2026-01-02,Adidas Ultraboost 5 Sneakers,821.88,Germany_DE
2026-01-03,Adidas Ultraboost 5 Sneakers,1070.2,Germany_DE
2026-01-04,Adidas Ultraboost 5 Sneakers,554.96,Germany_DE
2026-01-05,Adidas Ultraboost 5 Sneakers,896.32,Germany_DE
2026-01-06,Adidas Ultraboost 5 Sneakers,866.42,Germany_DE
2026-01-07,Adidas Ultraboost 5 Sneakers,865.65,Germany_DE
2026-01-08,Adidas Ultraboost 5 Sneakers,821.58,Germany_DE
2026-01-09,Adidas Ultraboost 5 Sneakers,848.71,Germany_DE
2026-01-10,Adidas Ultraboost 5 Sneakers,1065.37,Germany_DE
2026-01-11,Adidas Ultraboost 5 Sneakers,521.67,Germany_DE
2026-01-12,Adidas Ultraboost 5 Sneakers,862.08,Germany_DE
2026-01-13,Adidas Ultraboost 5 Sneakers,857.94,Germany_DE
2026-01-14,Adidas Ultraboost 5 Sneakers,829.74,Germany_DE
2026-01-15,Adidas Ultraboost 5 Sneakers,886.22,Germany_DE
2026-01-16,Adidas Ultraboost 5 Sneakers,851.74,Germany_DE
2026-01-17,Adidas Ultraboost 5 Sneakers,1099.51,Germany_DE
2026-01-18,Adidas Ultraboost 5 Sneakers,589.12,Germany_DE
2026-01-19,Adidas Ultraboost 5 Sneakers,860.56,Germany_DE
2026-01-20,Adidas Ultraboost 5 Sneakers,830.25,Germany_DE
2026-01-21,Adidas Ultraboost 5 Sneakers,877.03,Germany_DE
2026-01-22,Adidas Ultraboost 5 Sneakers,906.65,Germany_DE
2026-01-23,Adidas Ultraboost 5 Sneakers,925.68,Germany_DE
2026-01-24,Adidas Ultraboost 5 Sneakers,1083.39,Germany_DE
2026-01-25,Adidas Ultraboost 5 Sneakers,570.77,Germany_DE
2026-01-26,Adidas Ultraboost 5 Sneakers,882.78,Germany_DE
2026-01-27,Adidas Ultraboost 5 Sneakers,891.81,Germany_DE
2026-01-28,Adidas Ultraboost 5 Sneakers,948.64,Germany_DE
2026-01-29,Adidas Ultraboost 5 Sneakers,867.51,Germany_DE
2026-01-30,Adidas Ultraboost 5 Sneakers,904.45,Germany_DE
2026-01-31,Adidas Ultraboost 5 Sneakers,1130.12,Germany_DE
2026-02-01,Adidas Ultraboost 5 Sneakers,595.27,Germany_DE
2026-02-02,Adidas Ultraboost 5 Sneakers,906.68,Germany_DE
2026-02-03,Adidas Ultraboost 5 Sneakers,912.64,Germany_DE
2026-02-04,Adidas Ultraboost 5 Sneakers,900.39,Germany_DE
2026-02-05,Adidas Ultraboost 5 Sneakers,915.34,Germany_DE
2026-02-06,Adidas Ultraboost 5 Sneakers,904.81,Germany_DE
2026-02-07,Adidas Ultraboost 5 Sneakers,1145.4,Germany_DE
2026-02-08,Adidas Ultraboost 5 Sneakers,578.27,Germany_DE
2026-02-09,Adidas Ultraboost 5 Sneakers,924.28,Germany_DE
2026-02-10,Adidas Ultraboost 5 Sneakers,917.81,Germany_DE
2026-02-11,Adidas Ultraboost 5 Sneakers,942.56,Germany_DE
2026-02-12,Adidas Ultraboost 5 Sneakers,920.63,Germany_DE
2026-02-13,Adidas Ultraboost 5 Sneakers,887.81,Germany_DE
2026-02-14,Adidas Ultraboost 5 Sneakers,1169.71,Germany_DE
2026-02-15,Adidas Ultraboost 5 Sneakers,578.93,Germany_DE
2026-02-16,Adidas Ultraboost 5 Sneakers,914.93,Germany_DE
2026-02-17,Adidas Ultraboost 5 Sneakers,917.64,Germany_DE
2026-02-18,Adidas Ultraboost 5 Sneakers,958.57,Germany_DE
2026-02-19,Adidas Ultraboost 5 Sneakers,889.87,Germany_DE
2026-02-20,Adidas Ultraboost 5 Sneakers,996.83,Germany_DE
2026-02-21,Adidas Ultraboost 5 Sneakers,1176.27,Germany_DE
2026-02-22,Adidas Ultraboost 5 Sneakers,612.07,Germany_DE
2026-02-23,Adidas Ultraboost 5 Sneakers,937.34,Germany_DE
2026-02-24,Adidas Ultraboost 5 Sneakers,945.57,Germany_DE
2026-02-25,Adidas Ultraboost 5 Sneakers,951.68,Germany_DE
2026-02-26,Adidas Ultraboost 5 Sneakers,955.54,Germany_DE
2026-02-27,Adidas Ultraboost 5 Sneakers,955.1,Germany_DE
2026-02-28,Adidas Ultraboost 5 Sneakers,1166.72,Germany_DE
2026-03-01,Adidas Ultraboost 5 Sneakers,613.3,Germany_DE
2026-03-02,Adidas Ultraboost 5 Sneakers,944.92,Germany_DE
2026-03-03,Adidas Ultraboost 5 Sneakers,945.33,Germany_DE
2026-03-04,Adidas Ultraboost 5 Sneakers,973.16,Germany_DE
2026-03-05,Adidas Ultraboost 5 Sneakers,963.59,Germany_DE
2026-03-06,Adidas Ultraboost 5 Sneakers,894.12,Germany_DE
2026-03-07,Adidas Ultraboost 5 Sneakers,1186.84,Germany_DE
2026-03-08,Adidas Ultraboost 5 Sneakers,629.79,Germany_DE
2026-03-09,Adidas Ultraboost 5 Sneakers,956.07,Germany_DE
2026-03-10,Adidas Ultraboost 5 Sneakers,949.8,Germany_DE
2026-03-11,Adidas Ultraboost 5 Sneakers,981.16,Germany_DE
2026-03-12,Adidas Ultraboost 5 Sneakers,978.71,Germany_DE
2026-03-13,Adidas Ultraboost 5 Sneakers,945.37,Germany_DE
2026-03-14,Adidas Ultraboost 5 Sneakers,1189.61,Germany_DE
2026-03-15,Adidas Ultraboost 5 Sneakers,614.05,Germany_DE
2026-03-16,Adidas Ultraboost 5 Sneakers,936.28,Germany_DE
2026-03-17,Adidas Ultraboost 5 Sneakers,952.31,Germany_DE
2026-03-18,Adidas Ultraboost 5 Sneakers,983.04,Germany_DE
2026-03-19,Adidas Ultraboost 5 Sneakers,985.78,Germany_DE
2026-03-20,Adidas Ultraboost 5 Sneakers,977.88,Germany_DE
2026-03-21,Adidas Ultraboost 5 Sneakers,1202.6,Germany_DE
2026-03-22,Adidas Ultraboost 5 Sneakers,650.28,Germany_DE
2026-03-23,Adidas Ultraboost 5 Sneakers,957.36,Germany_DE
2026-03-24,Adidas Ultraboost 5 Sneakers,979.64,Germany_DE
2026-03-25,Adidas Ultraboost 5 Sneakers,987.79,Germany_DE
2026-03-26,Adidas Ultraboost 5 Sneakers,987.63,Germany_DE
2026-03-27,Adidas Ultraboost 5 Sneakers,997.06,Germany_DE
2026-03-28,Adidas Ultraboost 5 Sneakers,1207.77,Germany_DE
2026-03-29,Adidas Ultraboost 5 Sneakers,652.32,Germany_DE
2026-03-30,Adidas Ultraboost 5 Sneakers,996.76,Germany_DE
2026-03-31,Adidas Ultraboost 5 Sneakers,975.47,Germany_DE
2026-04-01,Adidas Ultraboost 5 Sneakers,958.99,Germany_DE
2026-04-02,Adidas Ultraboost 5 Sneakers,973.96,Germany_DE
2026-04-03,Adidas Ultraboost 5 Sneakers,962.9,Germany_DE
2026-04-04,Adidas Ultraboost 5 Sneakers,1184.44,Germany_DE
2026-04-05,Adidas Ultraboost 5 Sneakers,646.58,Germany_DE
2026-04-06,Adidas Ultraboost 5 Sneakers,963.52,Germany_DE
2026-04-07,Adidas Ultraboost 5 Sneakers,973.69,Germany_DE
2026-04-08,Adidas Ultraboost 5 Sneakers,942.43,Germany_DE
2026-04-09,Adidas Ultraboost 5 Sneakers,985.0,Germany_DE
2026-04-10,Adidas Ultraboost 5 Sneakers,981.17,Germany_DE
2026-04-11,Adidas Ultraboost 5 Sneakers,1184.78,Germany_DE
2026-04-12,Adidas Ultraboost 5 Sneakers,665.67,Germany_DE
2026-04-13,Adidas Ultraboost 5 Sneakers,1000.97,Germany_DE
2026-04-14,Adidas Ultraboost 5 Sneakers,950.39,Germany_DE
2026-04-15,Adidas Ultraboost 5 Sneakers,967.57,Germany_DE
2026-04-16,Adidas Ultraboost 5 Sneakers,967.71,Germany_DE
2026-04-17,Adidas Ultraboost 5 Sneakers,964.54,Germany_DE
2026-04-18,Adidas Ultraboost 5 Sneakers,1219.75,Germany_DE
2026-04-19,Adidas Ultraboost 5 Sneakers,650.49,Germany_DE
2026-04-20,Adidas Ultraboost 5 Sneakers,978.65,Germany_DE
2026-04-21,Adidas Ultraboost 5 Sneakers,944.02,Germany_DE
2026-04-22,Adidas Ultraboost 5 Sneakers,996.94,Germany_DE
2026-04-23,Adidas Ultraboost 5 Sneakers,959.55,Germany_DE
2026-04-24,Adidas Ultraboost 5 Sneakers,985.62,Germany_DE
2026-04-25,Adidas Ultraboost 5 Sneakers,1209.64,Germany_DE
2026-04-26,Adidas Ultraboost 5 Sneakers,682.35,Germany_DE
2026-04-27,Adidas Ultraboost 5 Sneakers,958.38,Germany_DE
2026-04-28,Adidas Ultraboost 5 Sneakers,924.17,Germany_DE
2026-04-29,Adidas Ultraboost 5 Sneakers,988.22,Germany_DE
2026-04-30,Adidas Ultraboost 5 Sneakers,1020.51,Germany_DE
2026-05-01,Adidas Ultraboost 5 Sneakers,1009.21,Germany_DE
2026-05-02,Adidas Ultraboost 5 Sneakers,1208.15,Germany_DE
2026-05-03,Adidas Ultraboost 5 Sneakers,645.02,Germany_DE
2026-05-04,Adidas Ultraboost 5 Sneakers,1000.27,Germany_DE
2026-05-05,Adidas Ultraboost 5 Sneakers,964.51,Germany_DE
2026-05-06,Adidas Ultraboost 5 Sneakers,993.35,Germany_DE
2026-05-07,Adidas Ultraboost 5 Sneakers,993.75,Germany_DE
2026-05-08,Adidas Ultraboost 5 Sneakers,1004.64,Germany_DE
2026-05-09,Adidas Ultraboost 5 Sneakers,1258.01,Germany_DE
2026-05-10,Adidas Ultraboost 5 Sneakers,661.42,Germany_DE
2026-05-11,Adidas Ultraboost 5 Sneakers,972.53,Germany_DE
2026-05-12,Adidas Ultraboost 5 Sneakers,981.93,Germany_DE
2026-05-13,Adidas Ultraboost 5 Sneakers,946.76,Germany_DE
2026-05-14,Adidas Ultraboost 5 Sneakers,967.93,Germany_DE
2026-05-15,Adidas Ultraboost 5 Sneakers,973.31,Germany_DE
2026-05-16,Adidas Ultraboost 5 Sneakers,1190.27,Germany_DE
2026-05-17,Adidas Ultraboost 5 Sneakers,654.43,Germany_DE
2026-05-18,Adidas Ultraboost 5 Sneakers,963.95,Germany_DE
2026-05-19,Adidas Ultraboost 5 Sneakers,1002.43,Germany_DE
2026-05-20,Adidas Ultraboost 5 Sneakers,979.59,Germany_DE
2026-05-21,Adidas Ultraboost 5 Sneakers,978.97,Germany_DE
2026-05-22,Adidas Ultraboost 5 Sneakers,972.16,Germany_DE
2026-05-23,Adidas Ultraboost 5 Sneakers,1200.96,Germany_DE
2026-05-24,Adidas Ultraboost 5 Sneakers,664.88,Germany_DE
2026-05-25,Adidas Ultraboost 5 Sneakers,959.95,Germany_DE
2026-05-26,Adidas Ultraboost 5 Sneakers,963.62,Germany_DE
2026-05-27,Adidas Ultraboost 5 Sneakers,970.19,Germany_DE
2026-05-28,Adidas Ultraboost 5 Sneakers,948.82,Germany_DE
2026-05-29,Adidas Ultraboost 5 Sneakers,958.8,Germany_DE
2026-05-30,Adidas Ultraboost 5 Sneakers,1184.7,Germany_DE
2026-05-31,Adidas Ultraboost 5 Sneakers,662.15,Germany_DE
2026-06-01,Adidas Ultraboost 5 Sneakers,978.73,Germany_DE
2026-06-02,Adidas Ultraboost 5 Sneakers,976.75,Germany_DE
2026-06-03,Adidas Ultraboost 5 Sneakers,989.29,Germany_DE
2026-06-04,Adidas Ultraboost 5 Sneakers,968.91,Germany_DE
2026-06-05,Adidas Ultraboost 5 Sneakers,978.84,Germany_DE
2026-06-06,Adidas Ultraboost 5 Sneakers,1187.92,Germany_DE
2026-06-07,Adidas Ultraboost 5 Sneakers,645.65,Germany_DE
2026-06-08,Adidas Ultraboost 5 Sneakers,957.42,Germany_DE
2026-06-09,Adidas Ultraboost 5 Sneakers,919.64,Germany_DE
2026-06-10,Adidas Ultraboost 5 Sneakers,965.05,Germany_DE
2026-06-11,Adidas Ultraboost 5 Sneakers,995.5,Germany_DE
2026-06-12,Adidas Ultraboost 5 Sneakers,984.88,Germany_DE
2026-06-13,Adidas Ultraboost 5 Sneakers,1204.56,Germany_DE
2026-06-14,Adidas Ultraboost 5 Sneakers,660.27,Germany_DE
2026-06-15,Adidas Ultraboost 5 Sneakers,966.0,Germany_DE
2026-06-16,Adidas Ultraboost 5 Sneakers,967.45,Germany_DE
2026-06-17,Adidas Ultraboost 5 Sneakers,950.42,Germany_DE
2026-06-18,Adidas Ultraboost 5 Sneakers,955.72,Germany_DE
2026-06-19,Adidas Ultraboost 5 Sneakers,973.62,Germany_DE
2026-06-20,Adidas Ultraboost 5 Sneakers,1204.23,Germany_DE
2026-06-21,Adidas Ultraboost 5 Sneakers,627.62,Germany_DE
2026-06-22,Adidas Ultraboost 5 Sneakers,950.05,Germany_DE
2026-06-23,Adidas Ultraboost 5 Sneakers,958.3,Germany_DE
2026-06-24,Adidas Ultraboost 5 Sneakers,969.56,Germany_DE
2026-06-25,Adidas Ultraboost 5 Sneakers,927.89,Germany_DE
2026-06-26,Adidas Ultraboost 5 Sneakers,910.08,Germany_DE
2026-06-27,Adidas Ultraboost 5 Sneakers,1163.82,Germany_DE
2026-06-28,Adidas Ultraboost 5 Sneakers,600.64,Germany_DE
2026-06-29,Adidas Ultraboost 5 Sneakers,943.52,Germany_DE
2026-06-30,Adidas Ultraboost 5 Sneakers,949.96,Germany_DE
2026-07-01,Adidas Ultraboost 5 Sneakers,943.07,Germany_DE
2026-07-02,Adidas Ultraboost 5 Sneakers,980.41,Germany_DE
2026-07-03,Adidas Ultraboost 5 Sneakers,957.12,Germany_DE
2026-07-04,Adidas Ultraboost 5 Sneakers,1175.42,Germany_DE
2026-07-05,Adidas Ultraboost 5 Sneakers,632.09,Germany_DE
2026-07-06,Adidas Ultraboost 5 Sneakers,925.49,Germany_DE
2026-07-07,Adidas Ultraboost 5 Sneakers,968.28,Germany_DE
2026-07-08,Adidas Ultraboost 5 Sneakers,945.22,Germany_DE
2026-07-09,Adidas Ultraboost 5 Sneakers,959.38,Germany_DE
2026-07-10,Adidas Ultraboost 5 Sneakers,923.77,Germany_DE
2026-07-11,Adidas Ultraboost 5 Sneakers,1132.97,Germany_DE
2026-07-12,Adidas Ultraboost 5 Sneakers,630.65,Germany_DE
2026-07-13,Adidas Ultraboost 5 Sneakers,950.47,Germany_DE
2026-07-14,Adidas Ultraboost 5 Sneakers,924.16,Germany_DE
2026-07-15,Adidas Ultraboost 5 Sneakers,924.07,Germany_DE
2026-07-16,Adidas Ultraboost 5 Sneakers,963.23,Germany_DE
2026-07-17,Adidas Ultraboost 5 Sneakers,916.21,Germany_DE
2026-07-18,Adidas Ultraboost 5 Sneakers,1191.73,Germany_DE
2026-07-19,Adidas Ultraboost 5 Sneakers,591.14,Germany_DE
2026-07-20,Adidas Ultraboost 5 Sneakers,950.62,Germany_DE
2026-07-21,Adidas Ultraboost 5 Sneakers,930.57,Germany_DE
2026-07-22,Adidas Ultraboost 5 Sneakers,948.52,Germany_DE
2026-07-23,Adidas Ultraboost 5 Sneakers,924.88,Germany_DE
2026-07-24,Adidas Ultraboost 5 Sneakers,931.83,Germany_DE
2026-07-25,Adidas Ultraboost 5 Sneakers,1154.84,Germany_DE
2026-07-26,Adidas Ultraboost 5 Sneakers,584.32,Germany_DE
2026-07-27,Adidas Ultraboost 5 Sneakers,947.93,Germany_DE
2026-07-28,Adidas Ultraboost 5 Sneakers,922.21,Germany_DE
2026-07-29,Adidas Ultraboost 5 Sneakers,927.27,Germany_DE
2026-07-30,Adidas Ultraboost 5 Sneakers,911.34,Germany_DE
2026-07-31,Adidas Ultraboost 5 Sneakers,879.37,Germany_DE
2026-08-01,Adidas Ultraboost 5 Sneakers,1145.81,Germany_DE
2026-08-02,Adidas Ultraboost 5 Sneakers,648.3,Germany_DE
2026-08-03,Adidas Ultraboost 5 Sneakers,944.56,Germany_DE
2026-08-04,Adidas Ultraboost 5 Sneakers,927.93,Germany_DE
2026-08-05,Adidas Ultraboost 5 Sneakers,922.51,Germany_DE
2026-08-06,Adidas Ultraboost 5 Sneakers,927.69,Germany_DE
2026-08-07,Adidas Ultraboost 5 Sneakers,937.66,Germany_DE
2026-08-08,Adidas Ultraboost 5 Sneakers,1122.2,Germany_DE
2026-08-09,Adidas Ultraboost 5 Sneakers,618.61,Germany_DE
2026-08-10,Adidas Ultraboost 5 Sneakers,939.55,Germany_DE
2026-08-11,Adidas Ultraboost 5 Sneakers,939.15,Germany_DE
2026-08-12,Adidas Ultraboost 5 Sneakers,933.11,Germany_DE
2026-08-13,Adidas Ultraboost 5 Sneakers,924.3,Germany_DE
2026-08-14,Adidas Ultraboost 5 Sneakers,936.95,Germany_DE
2026-08-15,Adidas Ultraboost 5 Sneakers,1154.53,Germany_DE
2026-08-16,Adidas Ultraboost 5 Sneakers,586.24,Germany_DE
2026-08-17,Adidas Ultraboost 5 Sneakers,910.88,Germany_DE
2026-08-18,Adidas Ultraboost 5 Sneakers,924.04,Germany_DE
2026-08-19,Adidas Ultraboost 5 Sneakers,952.65,Germany_DE
2026-08-20,Adidas Ultraboost 5 Sneakers,896.58,Germany_DE
2026-08-21,Adidas Ultraboost 5 Sneakers,891.71,Germany_DE
2026-08-22,Adidas Ultraboost 5 Sneakers,1143.68,Germany_DE
2026-08-23,Adidas Ultraboost 5 Sneakers,592.15,Germany_DE
2026-08-24,Adidas Ultraboost 5 Sneakers,923.75,Germany_DE
2026-08-25,Adidas Ultraboost 5 Sneakers,924.95,Germany_DE
2026-08-26,Adidas Ultraboost 5 Sneakers,915.4,Germany_DE
2026-08-27,Adidas Ultraboost 5 Sneakers,949.48,Germany_DE
2026-08-28,Adidas Ultraboost 5 Sneakers,887.5,Germany_DE
2026-08-29,Adidas Ultraboost 5 Sneakers,1122.41,Germany_DE
2026-08-30,Adidas Ultraboost 5 Sneakers,587.79,Germany_DE
2026-08-31,Adidas Ultraboost 5 Sneakers,886.28,Germany_DE
2024-09-01,Puma German Football Jersey,24.25,Germany_DE
2024-09-02,Puma German Football Jersey,148.35,Germany_DE
2024-09-03,Puma German Football Jersey,159.87,Germany_DE
2024-09-04,Puma German Football Jersey,156.99,Germany_DE
2024-09-05,Puma German Football Jersey,159.91,Germany_DE
2024-09-06,Puma German Football Jersey,123.97,Germany_DE
2024-09-07,Puma German Football Jersey,272.6,Germany_DE
2024-09-08,Puma German Football Jersey,45.47,Germany_DE
2024-09-09,Puma German Football Jersey,184.46,Germany_DE
2024-09-10,Puma German Football Jersey,161.34,Germany_DE
2024-09-11,Puma German Football Jersey,167.88,Germany_DE
2024-09-12,Puma German Football Jersey,137.13,Germany_DE
2024-09-13,Puma German Football Jersey,170.96,Germany_DE
2024-09-14,Puma German Football Jersey,250.41,Germany_DE
2024-09-15,Puma German Football Jersey,10.0,Germany_DE
2024-09-16,Puma German Football Jersey,171.28,Germany_DE
2024-09-17,Puma German Football Jersey,171.99,Germany_DE
2024-09-18,Puma German Football Jersey,155.1,Germany_DE
2024-09-19,Puma German Football Jersey,162.64,Germany_DE
2024-09-20,Puma German Football Jersey,133.24,Germany_DE
2024-09-21,Puma German Football Jersey,269.97,Germany_DE
2024-09-22,Puma German Football Jersey,10.0,Germany_DE
2024-09-23,Puma German Football Jersey,139.94,Germany_DE
2024-09-24,Puma German Football Jersey,155.39,Germany_DE
2024-09-25,Puma German Football Jersey,176.56,Germany_DE
2024-09-26,Puma German Football Jersey,176.7,Germany_DE
2024-09-27,Puma German Football Jersey,154.5,Germany_DE
2024-09-28,Puma German Football Jersey,261.45,Germany_DE
2024-09-29,Puma German Football Jersey,10.0,Germany_DE
2024-09-30,Puma German Football Jersey,140.87,Germany_DE
2024-10-01,Puma German Football Jersey,141.55,Germany_DE
2024-10-02,Puma German Football Jersey,180.86,Germany_DE
2024-10-03,Puma German Football Jersey,169.22,Germany_DE
2024-10-04,Puma German Football Jersey,160.16,Germany_DE
2024-10-05,Puma German Football Jersey,253.67,Germany_DE
2024-10-06,Puma German Football Jersey,51.79,Germany_DE
2024-10-07,Puma German Football Jersey,154.23,Germany_DE
2024-10-08,Puma German Football Jersey,131.78,Germany_DE
2024-10-09,Puma German Football Jersey,180.26,Germany_DE
2024-10-10,Puma German Football Jersey,162.64,Germany_DE
2024-10-11,Puma German Football Jersey,178.58,Germany_DE
2024-10-12,Puma German Football Jersey,250.34,Germany_DE
2024-10-13,Puma German Football Jersey,10.0,Germany_DE
2024-10-14,Puma German Football Jersey,169.21,Germany_DE
2024-10-15,Puma German Football Jersey,161.95,Germany_DE
2024-10-16,Puma German Football Jersey,166.07,Germany_DE
2024-10-17,Puma German Football Jersey,195.34,Germany_DE
2024-10-18,Puma German Football Jersey,141.7,Germany_DE
2024-10-19,Puma German Football Jersey,261.28,Germany_DE
2024-10-20,Puma German Football Jersey,11.89,Germany_DE
2024-10-21,Puma German Football Jersey,113.99,Germany_DE
2024-10-22,Puma German Football Jersey,165.58,Germany_DE
2024-10-23,Puma German Football Jersey,167.95,Germany_DE
2024-10-24,Puma German Football Jersey,180.6,Germany_DE
2024-10-25,Puma German Football Jersey,164.6,Germany_DE
2024-10-26,Puma German Football Jersey,231.21,Germany_DE
2024-10-27,Puma German Football Jersey,17.4,Germany_DE
2024-10-28,Puma German Football Jersey,197.88,Germany_DE
2024-10-29,Puma German Football Jersey,155.71,Germany_DE
2024-10-30,Puma German Football Jersey,205.03,Germany_DE
2024-10-31,Puma German Football Jersey,195.31,Germany_DE
2024-11-01,Puma German Football Jersey,168.92,Germany_DE
2024-11-02,Puma German Football Jersey,252.88,Germany_DE
2024-11-03,Puma German Football Jersey,61.43,Germany_DE
2024-11-04,Puma German Football Jersey,173.48,Germany_DE
2024-11-05,Puma German Football Jersey,148.43,Germany_DE
2024-11-06,Puma German Football Jersey,191.65,Germany_DE
2024-11-07,Puma German Football Jersey,189.83,Germany_DE
2024-11-08,Puma German Football Jersey,205.34,Germany_DE
2024-11-09,Puma German Football Jersey,281.9,Germany_DE
2024-11-10,Puma German Football Jersey,37.07,Germany_DE
2024-11-11,Puma German Football Jersey,211.4,Germany_DE
2024-11-12,Puma German Football Jersey,214.52,Germany_DE
2024-11-13,Puma German Football Jersey,193.04,Germany_DE
2024-11-14,Puma German Football Jersey,190.79,Germany_DE
2024-11-15,Puma German Football Jersey,164.34,Germany_DE
2024-11-16,Puma German Football Jersey,271.1,Germany_DE
2024-11-17,Puma German Football Jersey,71.73,Germany_DE
2024-11-18,Puma German Football Jersey,183.44,Germany_DE
2024-11-19,Puma German Football Jersey,166.74,Germany_DE
2024-11-20,Puma German Football Jersey,267.1,Germany_DE
2024-11-21,Puma German Football Jersey,169.23,Germany_DE
2024-11-22,Puma German Football Jersey,244.97,Germany_DE
2024-11-23,Puma German Football Jersey,286.24,Germany_DE
2024-11-24,Puma German Football Jersey,64.06,Germany_DE
2024-11-25,Puma German Football Jersey,190.49,Germany_DE
2024-11-26,Puma German Football Jersey,220.98,Germany_DE
2024-11-27,Puma German Football Jersey,177.93,Germany_DE
2024-11-28,Puma German Football Jersey,171.34,Germany_DE
2024-11-29,Puma German Football Jersey,241.78,Germany_DE
2024-11-30,Puma German Football Jersey,486.14,Germany_DE
2024-12-01,Puma German Football Jersey,290.59,Germany_DE
2024-12-02,Puma German Football Jersey,392.23,Germany_DE
2024-12-03,Puma German Football Jersey,429.58,Germany_DE
2024-12-04,Puma German Football Jersey,450.57,Germany_DE
2024-12-05,Puma German Football Jersey,407.85,Germany_DE
2024-12-06,Puma German Football Jersey,381.23,Germany_DE
2024-12-07,Puma German Football Jersey,546.39,Germany_DE
2024-12-08,Puma German Football Jersey,304.67,Germany_DE
2024-12-09,Puma German Football Jersey,415.0,Germany_DE
2024-12-10,Puma German Football Jersey,421.66,Germany_DE
2024-12-11,Puma German Football Jersey,405.36,Germany_DE
2024-12-12,Puma German Football Jersey,457.53,Germany_DE
2024-12-13,Puma German Football Jersey,420.0,Germany_DE
2024-12-14,Puma German Football Jersey,495.09,Germany_DE
2024-12-15,Puma German Football Jersey,301.32,Germany_DE
2024-12-16,Puma German Football Jersey,418.23,Germany_DE
2024-12-17,Puma German Football Jersey,416.42,Germany_DE
2024-12-18,Puma German Football Jersey,430.01,Germany_DE
2024-12-19,Puma German Football Jersey,441.94,Germany_DE
2024-12-20,Puma German Football Jersey,414.2,Germany_DE
2024-12-21,Puma German Football Jersey,362.33,Germany_DE
2024-12-22,Puma German Football Jersey,121.78,Germany_DE
2024-12-23,Puma German Football Jersey,239.35,Germany_DE
2024-12-24,Puma German Football Jersey,230.21,Germany_DE
2024-12-25,Puma German Football Jersey,248.11,Germany_DE
2024-12-26,Puma German Football Jersey,269.51,Germany_DE
2024-12-27,Puma German Football Jersey,268.04,Germany_DE
2024-12-28,Puma German Football Jersey,367.14,Germany_DE
2024-12-29,Puma German Football Jersey,109.99,Germany_DE
2024-12-30,Puma German Football Jersey,199.53,Germany_DE
2024-12-31,Puma German Football Jersey,284.61,Germany_DE
2025-01-01,Puma German Football Jersey,256.56,Germany_DE
2025-01-02,Puma German Football Jersey,274.85,Germany_DE
2025-01-03,Puma German Football Jersey,296.54,Germany_DE
2025-01-04,Puma German Football Jersey,404.67,Germany_DE
2025-01-05,Puma German Football Jersey,116.61,Germany_DE
2025-01-06,Puma German Football Jersey,270.7,Germany_DE
2025-01-07,Puma German Football Jersey,296.98,Germany_DE
2025-01-08,Puma German Football Jersey,254.37,Germany_DE
2025-01-09,Puma German Football Jersey,261.23,Germany_DE
2025-01-10,Puma German Football Jersey,262.72,Germany_DE
2025-01-11,Puma German Football Jersey,366.72,Germany_DE
2025-01-12,Puma German Football Jersey,136.48,Germany_DE
2025-01-13,Puma German Football Jersey,267.41,Germany_DE
2025-01-14,Puma German Football Jersey,261.56,Germany_DE
2025-01-15,Puma German Football Jersey,298.7,Germany_DE
2025-01-16,Puma German Football Jersey,310.79,Germany_DE
2025-01-17,Puma German Football Jersey,315.26,Germany_DE
2025-01-18,Puma German Football Jersey,368.75,Germany_DE
2025-01-19,Puma German Football Jersey,169.0,Germany_DE
2025-01-20,Puma German Football Jersey,295.01,Germany_DE
2025-01-21,Puma German Football Jersey,280.41,Germany_DE
2025-01-22,Puma German Football Jersey,308.04,Germany_DE
2025-01-23,Puma German Football Jersey,282.55,Germany_DE
2025-01-24,Puma German Football Jersey,288.88,Germany_DE
2025-01-25,Puma German Football Jersey,361.57,Germany_DE
2025-01-26,Puma German Football Jersey,153.32,Germany_DE
2025-01-27,Puma German Football Jersey,305.97,Germany_DE
2025-01-28,Puma German Football Jersey,333.74,Germany_DE
2025-01-29,Puma German Football Jersey,296.76,Germany_DE
2025-01-30,Puma German Football Jersey,284.52,Germany_DE
2025-01-31,Puma German Football Jersey,336.67,Germany_DE
2025-02-01,Puma German Football Jersey,389.26,Germany_DE
2025-02-02,Puma German Football Jersey,137.8,Germany_DE
2025-02-03,Puma German Football Jersey,313.64,Germany_DE
2025-02-04,Puma German Football Jersey,305.87,Germany_DE
2025-02-05,Puma German Football Jersey,359.75,Germany_DE
2025-02-06,Puma German Football Jersey,324.62,Germany_DE
2025-02-07,Puma German Football Jersey,313.53,Germany_DE
2025-02-08,Puma German Football Jersey,390.51,Germany_DE
2025-02-09,Puma German Football Jersey,188.92,Germany_DE
2025-02-10,Puma German Football Jersey,349.56,Germany_DE
2025-02-11,Puma German Football Jersey,327.95,Germany_DE
2025-02-12,Puma German Football Jersey,306.04,Germany_DE
2025-02-13,Puma German Football Jersey,335.02,Germany_DE
2025-02-14,Puma German Football Jersey,324.52,Germany_DE
2025-02-15,Puma German Football Jersey,426.89,Germany_DE
2025-02-16,Puma German Football Jersey,184.03,Germany_DE
2025-02-17,Puma German Football Jersey,321.55,Germany_DE
2025-02-18,Puma German Football Jersey,321.94,Germany_DE
2025-02-19,Puma German Football Jersey,350.29,Germany_DE
2025-02-20,Puma German Football Jersey,325.22,Germany_DE
2025-02-21,Puma German Football Jersey,324.51,Germany_DE
2025-02-22,Puma German Football Jersey,407.17,Germany_DE
2025-02-23,Puma German Football Jersey,208.18,Germany_DE
2025-02-24,Puma German Football Jersey,343.19,Germany_DE
2025-02-25,Puma German Football Jersey,329.03,Germany_DE
2025-02-26,Puma German Football Jersey,324.84,Germany_DE
2025-02-27,Puma German Football Jersey,377.56,Germany_DE
2025-02-28,Puma German Football Jersey,303.41,Germany_DE
2025-03-01,Puma German Football Jersey,443.05,Germany_DE
2025-03-02,Puma German Football Jersey,231.96,Germany_DE
2025-03-03,Puma German Football Jersey,276.12,Germany_DE
2025-03-04,Puma German Football Jersey,360.65,Germany_DE
2025-03-05,Puma German Football Jersey,341.24,Germany_DE
2025-03-06,Puma German Football Jersey,351.63,Germany_DE
2025-03-07,Puma German Football Jersey,340.88,Germany_DE
2025-03-08,Puma German Football Jersey,460.88,Germany_DE
2025-03-09,Puma German Football Jersey,219.43,Germany_DE
2025-03-10,Puma German Football Jersey,352.38,Germany_DE
2025-03-11,Puma German Football Jersey,332.52,Germany_DE
2025-03-12,Puma German Football Jersey,388.87,Germany_DE
2025-03-13,Puma German Football Jersey,352.14,Germany_DE
2025-03-14,Puma German Football Jersey,398.42,Germany_DE
2025-03-15,Puma German Football Jersey,483.04,Germany_DE
2025-03-16,Puma German Football Jersey,181.56,Germany_DE
2025-03-17,Puma German Football Jersey,341.45,Germany_DE
2025-03-18,Puma German Football Jersey,334.41,Germany_DE
2025-03-19,Puma German Football Jersey,354.75,Germany_DE
2025-03-20,Puma German Football Jersey,360.01,Germany_DE
2025-03-21,Puma German Football Jersey,361.39,Germany_DE
2025-03-22,Puma German Football Jersey,469.58,Germany_DE
2025-03-23,Puma German Football Jersey,250.85,Germany_DE
2025-03-24,Puma German Football Jersey,377.59,Germany_DE
2025-03-25,Puma German Football Jersey,347.45,Germany_DE
2025-03-26,Puma German Football Jersey,343.44,Germany_DE
2025-03-27,Puma German Football Jersey,359.52,Germany_DE
2025-03-28,Puma German Football Jersey,368.35,Germany_DE
2025-03-29,Puma German Football Jersey,447.7,Germany_DE
2025-03-30,Puma German Football Jersey,196.77,Germany_DE
2025-03-31,Puma German Football Jersey,374.42,Germany_DE
2025-04-01,Puma German Football Jersey,353.2,Germany_DE
2025-04-02,Puma German Football Jersey,352.84,Germany_DE
2025-04-03,Puma German Football Jersey,360.42,Germany_DE
2025-04-04,Puma German Football Jersey,356.91,Germany_DE
2025-04-05,Puma German Football Jersey,445.75,Germany_DE
2025-04-06,Puma German Football Jersey,199.62,Germany_DE
2025-04-07,Puma German Football Jersey,359.91,Germany_DE
2025-04-08,Puma German Football Jersey,376.31,Germany_DE
2025-04-09,Puma German Football Jersey,367.63,Germany_DE
2025-04-10,Puma German Football Jersey,381.35,Germany_DE
2025-04-11,Puma German Football Jersey,347.85,Germany_DE
2025-04-12,Puma German Football Jersey,428.07,Germany_DE
2025-04-13,Puma German Football Jersey,220.7,Germany_DE
2025-04-14,Puma German Football Jersey,350.09,Germany_DE
2025-04-15,Puma German Football Jersey,352.11,Germany_DE
2025-04-16,Puma German Football Jersey,366.47,Germany_DE
2025-04-17,Puma German Football Jersey,352.06,Germany_DE
2025-04-18,Puma German Football Jersey,336.99,Germany_DE
2025-04-19,Puma German Football Jersey,441.86,Germany_DE
2025-04-20,Puma German Football Jersey,231.67,Germany_DE
2025-04-21,Puma German Football Jersey,374.9,Germany_DE
2025-04-22,Puma German Football Jersey,374.48,Germany_DE
2025-04-23,Puma German Football Jersey,369.5,Germany_DE
2025-04-24,Puma German Football Jersey,357.38,Germany_DE
2025-04-25,Puma German Football Jersey,368.55,Germany_DE
2025-04-26,Puma German Football Jersey,450.5,Germany_DE
2025-04-27,Puma German Football Jersey,225.28,Germany_DE
2025-04-28,Puma German Football Jersey,340.68,Germany_DE
2025-04-29,Puma German Football Jersey,359.97,Germany_DE
2025-04-30,Puma German Football Jersey,366.27,Germany_DE
2025-05-01,Puma German Football Jersey,365.11,Germany_DE
2025-05-02,Puma German Football Jersey,332.1,Germany_DE
2025-05-03,Puma German Football Jersey,450.52,Germany_DE
2025-05-04,Puma German Football Jersey,191.24,Germany_DE
2025-05-05,Puma German Football Jersey,359.9,Germany_DE
2025-05-06,Puma German Football Jersey,341.88,Germany_DE
2025-05-07,Puma German Football Jersey,389.49,Germany_DE
2025-05-08,Puma German Football Jersey,357.2,Germany_DE
2025-05-09,Puma German Football Jersey,370.27,Germany_DE
2025-05-10,Puma German Football Jersey,487.07,Germany_DE
2025-05-11,Puma German Football Jersey,199.89,Germany_DE
2025-05-12,Puma German Football Jersey,361.13,Germany_DE
2025-05-13,Puma German Football Jersey,328.05,Germany_DE
2025-05-14,Puma German Football Jersey,358.0,Germany_DE
2025-05-15,Puma German Football Jersey,385.73,Germany_DE
2025-05-16,Puma German Football Jersey,337.16,Germany_DE
2025-05-17,Puma German Football Jersey,422.48,Germany_DE
2025-05-18,Puma German Football Jersey,209.64,Germany_DE
2025-05-19,Puma German Football Jersey,388.43,Germany_DE
2025-05-20,Puma German Football Jersey,362.17,Germany_DE
2025-05-21,Puma German Football Jersey,327.87,Germany_DE
2025-05-22,Puma German Football Jersey,374.27,Germany_DE
2025-05-23,Puma German Football Jersey,311.25,Germany_DE
2025-05-24,Puma German Football Jersey,477.46,Germany_DE
2025-05-25,Puma German Football Jersey,223.01,Germany_DE
2025-05-26,Puma German Football Jersey,377.1,Germany_DE
2025-05-27,Puma German Football Jersey,308.0,Germany_DE
2025-05-28,Puma German Football Jersey,343.46,Germany_DE
2025-05-29,Puma German Football Jersey,336.5,Germany_DE
2025-05-30,Puma German Football Jersey,318.12,Germany_DE
2025-05-31,Puma German Football Jersey,402.62,Germany_DE
2025-06-01,Puma German Football Jersey,209.75,Germany_DE
2025-06-02,Puma German Football Jersey,347.41,Germany_DE
2025-06-03,Puma German Football Jersey,360.5,Germany_DE
2025-06-04,Puma German Football Jersey,323.46,Germany_DE
2025-06-05,Puma German Football Jersey,329.72,Germany_DE
2025-06-06,Puma German Football Jersey,303.91,Germany_DE
2025-06-07,Puma German Football Jersey,452.57,Germany_DE
2025-06-08,Puma German Football Jersey,194.14,Germany_DE
2025-06-09,Puma German Football Jersey,342.98,Germany_DE
2025-06-10,Puma German Football Jersey,342.65,Germany_DE
2025-06-11,Puma German Football Jersey,355.64,Germany_DE
2025-06-12,Puma German Football Jersey,308.78,Germany_DE
2025-06-13,Puma German Football Jersey,338.31,Germany_DE
2025-06-14,Puma German Football Jersey,414.0,Germany_DE
2025-06-15,Puma German Football Jersey,227.54,Germany_DE
2025-06-16,Puma German Football Jersey,304.47,Germany_DE
2025-06-17,Puma German Football Jersey,343.5,Germany_DE
2025-06-18,Puma German Football Jersey,325.99,Germany_DE
2025-06-19,Puma German Football Jersey,323.85,Germany_DE
2025-06-20,Puma German Football Jersey,317.87,Germany_DE
2025-06-21,Puma German Football Jersey,433.82,Germany_DE
2025-06-22,Puma German Football Jersey,183.06,Germany_DE
2025-06-23,Puma German Football Jersey,282.99,Germany_DE
2025-06-24,Puma German Football Jersey,336.75,Germany_DE
2025-06-25,Puma German Football Jersey,331.97,Germany_DE
2025-06-26,Puma German Football Jersey,321.87,Germany_DE
2025-06-27,Puma German Football Jersey,286.43,Germany_DE
2025-06-28,Puma German Football Jersey,379.62,Germany_DE
2025-06-29,Puma German Football Jersey,132.4,Germany_DE
2025-06-30,Puma German Football Jersey,314.83,Germany_DE
2025-07-01,Puma German Football Jersey,277.51,Germany_DE
2025-07-02,Puma German Football Jersey,269.0,Germany_DE
2025-07-03,Puma German Football Jersey,327.75,Germany_DE
2025-07-04,Puma German Football Jersey,316.48,Germany_DE
2025-07-05,Puma German Football Jersey,384.53,Germany_DE
2025-07-06,Puma German Football Jersey,159.39,Germany_DE
2025-07-07,Puma German Football Jersey,249.6,Germany_DE
2025-07-08,Puma German Football Jersey,314.97,Germany_DE
2025-07-09,Puma German Football Jersey,281.66,Germany_DE
2025-07-10,Puma German Football Jersey,301.01,Germany_DE
2025-07-11,Puma German Football Jersey,243.52,Germany_DE
2025-07-12,Puma German Football Jersey,402.93,Germany_DE
2025-07-13,Puma German Football Jersey,139.22,Germany_DE
2025-07-14,Puma German Football Jersey,262.46,Germany_DE
2025-07-15,Puma German Football Jersey,282.1,Germany_DE
2025-07-16,Puma German Football Jersey,275.88,Germany_DE
2025-07-17,Puma German Football Jersey,308.21,Germany_DE
2025-07-18,Puma German Football Jersey,277.24,Germany_DE
2025-07-19,Puma German Football Jersey,403.03,Germany_DE
2025-07-20,Puma German Football Jersey,153.32,Germany_DE
2025-07-21,Puma German Football Jersey,300.35,Germany_DE
2025-07-22,Puma German Football Jersey,281.37,Germany_DE
2025-07-23,Puma German Football Jersey,305.82,Germany_DE
2025-07-24,Puma German Football Jersey,256.28,Germany_DE
2025-07-25,Puma German Football Jersey,280.6,Germany_DE
2025-07-26,Puma German Football Jersey,360.59,Germany_DE
2025-07-27,Puma German Football Jersey,167.45,Germany_DE
2025-07-28,Puma German Football Jersey,305.31,Germany_DE
2025-07-29,Puma German Football Jersey,274.35,Germany_DE
2025-07-30,Puma German Football Jersey,247.55,Germany_DE
2025-07-31,Puma German Football Jersey,280.96,Germany_DE
2025-08-01,Puma German Football Jersey,238.18,Germany_DE
2025-08-02,Puma German Football Jersey,394.26,Germany_DE
2025-08-03,Puma German Football Jersey,123.35,Germany_DE
2025-08-04,Puma German Football Jersey,268.09,Germany_DE
2025-08-05,Puma German Football Jersey,254.18,Germany_DE
2025-08-06,Puma German Football Jersey,248.88,Germany_DE
2025-08-07,Puma German Football Jersey,280.79,Germany_DE
2025-08-08,Puma German Football Jersey,262.02,Germany_DE
2025-08-09,Puma German Football Jersey,356.4,Germany_DE
2025-08-10,Puma German Football Jersey,106.64,Germany_DE
2025-08-11,Puma German Football Jersey,279.83,Germany_DE
2025-08-12,Puma German Football Jersey,281.06,Germany_DE
2025-08-13,Puma German Football Jersey,256.95,Germany_DE
2025-08-14,Puma German Football Jersey,285.72,Germany_DE
2025-08-15,Puma German Football Jersey,257.53,Germany_DE
2025-08-16,Puma German Football Jersey,365.67,Germany_DE
2025-08-17,Puma German Football Jersey,88.9,Germany_DE
2025-08-18,Puma German Football Jersey,264.53,Germany_DE
2025-08-19,Puma German Football Jersey,251.35,Germany_DE
2025-08-20,Puma German Football Jersey,259.22,Germany_DE
2025-08-21,Puma German Football Jersey,257.68,Germany_DE
2025-08-22,Puma German Football Jersey,257.35,Germany_DE
2025-08-23,Puma German Football Jersey,357.74,Germany_DE
2025-08-24,Puma German Football Jersey,105.53,Germany_DE
2025-08-25,Puma German Football Jersey,264.44,Germany_DE
2025-08-26,Puma German Football Jersey,277.15,Germany_DE
2025-08-27,Puma German Football Jersey,223.76,Germany_DE
2025-08-28,Puma German Football Jersey,235.84,Germany_DE
2025-08-29,Puma German Football Jersey,236.18,Germany_DE
2025-08-30,Puma German Football Jersey,319.84,Germany_DE
2025-08-31,Puma German Football Jersey,103.73,Germany_DE
2025-09-01,Puma German Football Jersey,270.25,Germany_DE
2025-09-02,Puma German Football Jersey,278.13,Germany_DE
2025-09-03,Puma German Football Jersey,250.9,Germany_DE
2025-09-04,Puma German Football Jersey,241.92,Germany_DE
2025-09-05,Puma German Football Jersey,264.12,Germany_DE
2025-09-06,Puma German Football Jersey,291.65,Germany_DE
2025-09-07,Puma German Football Jersey,89.52,Germany_DE
2025-09-08,Puma German Football Jersey,200.7,Germany_DE
2025-09-09,Puma German Football Jersey,225.55,Germany_DE
2025-09-10,Puma German Football Jersey,231.29,Germany_DE
2025-09-11,Puma German Football Jersey,275.96,Germany_DE
2025-09-12,Puma German Football Jersey,190.99,Germany_DE
2025-09-13,Puma German Football Jersey,328.9,Germany_DE
2025-09-14,Puma German Football Jersey,121.47,Germany_DE
2025-09-15,Puma German Football Jersey,253.96,Germany_DE
2025-09-16,Puma German Football Jersey,274.88,Germany_DE
2025-09-17,Puma German Football Jersey,248.78,Germany_DE
2025-09-18,Puma German Football Jersey,252.98,Germany_DE
2025-09-19,Puma German Football Jersey,208.69,Germany_DE
2025-09-20,Puma German Football Jersey,316.88,Germany_DE
2025-09-21,Puma German Football Jersey,73.0,Germany_DE
2025-09-22,Puma German Football Jersey,256.94,Germany_DE
2025-09-23,Puma German Football Jersey,252.51,Germany_DE
2025-09-24,Puma German Football Jersey,251.89,Germany_DE
2025-09-25,Puma German Football Jersey,228.09,Germany_DE
2025-09-26,Puma German Football Jersey,226.39,Germany_DE
2025-09-27,Puma German Football Jersey,341.39,Germany_DE
2025-09-28,Puma German Football Jersey,95.98,Germany_DE
2025-09-29,Puma German Football Jersey,225.96,Germany_DE
2025-09-30,Puma German Football Jersey,236.42,Germany_DE
2025-10-01,Puma German Football Jersey,233.62,Germany_DE
2025-10-02,Puma German Football Jersey,229.77,Germany_DE
2025-10-03,Puma German Football Jersey,222.88,Germany_DE
2025-10-04,Puma German Football Jersey,347.88,Germany_DE
2025-10-05,Puma German Football Jersey,142.37,Germany_DE
2025-10-06,Puma German Football Jersey,247.63,Germany_DE
2025-10-07,Puma German Football Jersey,253.24,Germany_DE
2025-10-08,Puma German Football Jersey,259.93,Germany_DE
2025-10-09,Puma German Football Jersey,256.97,Germany_DE
2025-10-10,Puma German Football Jersey,233.16,Germany_DE
2025-10-11,Puma German Football Jersey,376.17,Germany_DE
2025-10-12,Puma German Football Jersey,99.13,Germany_DE
2025-10-13,Puma German Football Jersey,264.57,Germany_DE
2025-10-14,Puma German Football Jersey,262.76,Germany_DE
2025-10-15,Puma German Football Jersey,213.56,Germany_DE
2025-10-16,Puma German Football Jersey,246.15,Germany_DE
2025-10-17,Puma German Football Jersey,255.08,Germany_DE
2025-10-18,Puma German Football Jersey,348.45,Germany_DE
2025-10-19,Puma German Football Jersey,124.48,Germany_DE
2025-10-20,Puma German Football Jersey,271.09,Germany_DE
2025-10-21,Puma German Football Jersey,256.5,Germany_DE
2025-10-22,Puma German Football Jersey,264.47,Germany_DE
2025-10-23,Puma German Football Jersey,257.23,Germany_DE
2025-10-24,Puma German Football Jersey,238.56,Germany_DE
2025-10-25,Puma German Football Jersey,351.55,Germany_DE
2025-10-26,Puma German Football Jersey,138.71,Germany_DE
2025-10-27,Puma German Football Jersey,283.54,Germany_DE
2025-10-28,Puma German Football Jersey,272.97,Germany_DE
2025-10-29,Puma German Football Jersey,289.8,Germany_DE
2025-10-30,Puma German Football Jersey,272.39,Germany_DE
2025-10-31,Puma German Football Jersey,282.22,Germany_DE
2025-11-01,Puma German Football Jersey,375.83,Germany_DE
2025-11-02,Puma German Football Jersey,125.59,Germany_DE
2025-11-03,Puma German Football Jersey,282.36,Germany_DE
2025-11-04,Puma German Football Jersey,250.03,Germany_DE
2025-11-05,Puma German Football Jersey,276.87,Germany_DE
2025-11-06,Puma German Football Jersey,282.46,Germany_DE
2025-11-07,Puma German Football Jersey,293.0,Germany_DE
2025-11-08,Puma German Football Jersey,380.68,Germany_DE
2025-11-09,Puma German Football Jersey,158.65,Germany_DE
2025-11-10,Puma German Football Jersey,273.3,Germany_DE
2025-11-11,Puma German Football Jersey,269.52,Germany_DE
2025-11-12,Puma German Football Jersey,272.08,Germany_DE
2025-11-13,Puma German Football Jersey,284.08,Germany_DE
2025-11-14,Puma German Football Jersey,243.77,Germany_DE
2025-11-15,Puma German Football Jersey,398.99,Germany_DE
2025-11-16,Puma German Football Jersey,146.46,Germany_DE
2025-11-17,Puma German Football Jersey,275.33,Germany_DE
2025-11-18,Puma German Football Jersey,234.29,Germany_DE
2025-11-19,Puma German Football Jersey,285.42,Germany_DE
2025-11-20,Puma German Football Jersey,283.48,Germany_DE
2025-11-21,Puma German Football Jersey,270.82,Germany_DE
2025-11-22,Puma German Football Jersey,367.82,Germany_DE
2025-11-23,Puma German Football Jersey,154.08,Germany_DE
2025-11-24,Puma German Football Jersey,281.0,Germany_DE
2025-11-25,Puma German Football Jersey,305.57,Germany_DE
2025-11-26,Puma German Football Jersey,280.53,Germany_DE
2025-11-27,Puma German Football Jersey,299.99,Germany_DE
2025-11-28,Puma German Football Jersey,321.9,Germany_DE
2025-11-29,Puma German Football Jersey,390.19,Germany_DE
2025-11-30,Puma German Football Jersey,171.47,Germany_DE
2025-12-01,Puma German Football Jersey,508.44,Germany_DE
2025-12-02,Puma German Football Jersey,504.21,Germany_DE
2025-12-03,Puma German Football Jersey,504.17,Germany_DE
2025-12-04,Puma German Football Jersey,495.56,Germany_DE
2025-12-05,Puma German Football Jersey,511.49,Germany_DE
2025-12-06,Puma German Football Jersey,595.5,Germany_DE
2025-12-07,Puma German Football Jersey,405.6,Germany_DE
2025-12-08,Puma German Football Jersey,529.22,Germany_DE
2025-12-09,Puma German Football Jersey,485.46,Germany_DE
2025-12-10,Puma German Football Jersey,488.11,Germany_DE
2025-12-11,Puma German Football Jersey,514.98,Germany_DE
2025-12-12,Puma German Football Jersey,511.24,Germany_DE
2025-12-13,Puma German Football Jersey,608.24,Germany_DE
2025-12-14,Puma German Football Jersey,398.49,Germany_DE
2025-12-15,Puma German Football Jersey,530.15,Germany_DE
2025-12-16,Puma German Football Jersey,531.53,Germany_DE
2025-12-17,Puma German Football Jersey,555.93,Germany_DE
2025-12-18,Puma German Football Jersey,500.82,Germany_DE
2025-12-19,Puma German Football Jersey,532.27,Germany_DE
2025-12-20,Puma German Football Jersey,611.41,Germany_DE
2025-12-21,Puma German Football Jersey,425.3,Germany_DE
2025-12-22,Puma German Football Jersey,290.82,Germany_DE
2025-12-23,Puma German Football Jersey,293.31,Germany_DE
2025-12-24,Puma German Football Jersey,344.32,Germany_DE
2025-12-25,Puma German Football Jersey,362.38,Germany_DE
2025-12-26,Puma German Football Jersey,356.94,Germany_DE
2025-12-27,Puma German Football Jersey,418.28,Germany_DE
2025-12-28,Puma German Football Jersey,238.05,Germany_DE
2025-12-29,Puma German Football Jersey,321.72,Germany_DE
2025-12-30,Puma German Football Jersey,374.12,Germany_DE
2025-12-31,Puma German Football Jersey,327.62,Germany_DE
2026-01-01,Puma German Football Jersey,344.19,Germany_DE
2026-01-02,Puma German Football Jersey,365.64,Germany_DE
2026-01-03,Puma German Football Jersey,416.36,Germany_DE
2026-01-04,Puma German Football Jersey,248.69,Germany_DE
2026-01-05,Puma German Football Jersey,350.57,Germany_DE
2026-01-06,Puma German Football Jersey,362.09,Germany_DE
2026-01-07,Puma German Football Jersey,384.21,Germany_DE
2026-01-08,Puma German Football Jersey,346.72,Germany_DE
2026-01-09,Puma German Football Jersey,385.41,Germany_DE
2026-01-10,Puma German Football Jersey,489.82,Germany_DE
2026-01-11,Puma German Football Jersey,217.5,Germany_DE
2026-01-12,Puma German Football Jersey,396.4,Germany_DE
2026-01-13,Puma German Football Jersey,335.39,Germany_DE
2026-01-14,Puma German Football Jersey,379.99,Germany_DE
2026-01-15,Puma German Football Jersey,349.21,Germany_DE
2026-01-16,Puma German Football Jersey,394.21,Germany_DE
2026-01-17,Puma German Football Jersey,485.34,Germany_DE
2026-01-18,Puma German Football Jersey,283.25,Germany_DE
2026-01-19,Puma German Football Jersey,408.48,Germany_DE
2026-01-20,Puma German Football Jersey,378.29,Germany_DE
2026-01-21,Puma German Football Jersey,361.51,Germany_DE
2026-01-22,Puma German Football Jersey,396.0,Germany_DE
2026-01-23,Puma German Football Jersey,384.99,Germany_DE
2026-01-24,Puma German Football Jersey,509.95,Germany_DE
2026-01-25,Puma German Football Jersey,209.1,Germany_DE
2026-01-26,Puma German Football Jersey,434.49,Germany_DE
2026-01-27,Puma German Football Jersey,402.85,Germany_DE
2026-01-28,Puma German Football Jersey,377.43,Germany_DE
2026-01-29,Puma German Football Jersey,409.83,Germany_DE
2026-01-30,Puma German Football Jersey,422.56,Germany_DE
2026-01-31,Puma German Football Jersey,491.54,Germany_DE
2026-02-01,Puma German Football Jersey,227.38,Germany_DE
2026-02-02,Puma German Football Jersey,395.02,Germany_DE
2026-02-03,Puma German Football Jersey,423.09,Germany_DE
2026-02-04,Puma German Football Jersey,413.63,Germany_DE
2026-02-05,Puma German Football Jersey,401.94,Germany_DE
2026-02-06,Puma German Football Jersey,432.6,Germany_DE
2026-02-07,Puma German Football Jersey,513.77,Germany_DE
2026-02-08,Puma German Football Jersey,288.65,Germany_DE
2026-02-09,Puma German Football Jersey,402.23,Germany_DE
2026-02-10,Puma German Football Jersey,401.6,Germany_DE
2026-02-11,Puma German Football Jersey,379.04,Germany_DE
2026-02-12,Puma German Football Jersey,409.13,Germany_DE
2026-02-13,Puma German Football Jersey,434.28,Germany_DE
2026-02-14,Puma German Football Jersey,503.93,Germany_DE
2026-02-15,Puma German Football Jersey,290.15,Germany_DE
2026-02-16,Puma German Football Jersey,441.48,Germany_DE
2026-02-17,Puma German Football Jersey,427.9,Germany_DE
2026-02-18,Puma German Football Jersey,431.03,Germany_DE
2026-02-19,Puma German Football Jersey,395.62,Germany_DE
2026-02-20,Puma German Football Jersey,417.46,Germany_DE
2026-02-21,Puma German Football Jersey,550.77,Germany_DE
2026-02-22,Puma German Football Jersey,291.41,Germany_DE
2026-02-23,Puma German Football Jersey,465.15,Germany_DE
2026-02-24,Puma German Football Jersey,413.82,Germany_DE
2026-02-25,Puma German Football Jersey,434.01,Germany_DE
2026-02-26,Puma German Football Jersey,422.7,Germany_DE
2026-02-27,Puma German Football Jersey,443.2,Germany_DE
2026-02-28,Puma German Football Jersey,541.45,Germany_DE
2026-03-01,Puma German Football Jersey,308.56,Germany_DE
2026-03-02,Puma German Football Jersey,455.1,Germany_DE
2026-03-03,Puma German Football Jersey,434.92,Germany_DE
2026-03-04,Puma German Football Jersey,432.28,Germany_DE
2026-03-05,Puma German Football Jersey,401.81,Germany_DE
2026-03-06,Puma German Football Jersey,450.6,Germany_DE
2026-03-07,Puma German Football Jersey,533.32,Germany_DE
2026-03-08,Puma German Football Jersey,301.34,Germany_DE
2026-03-09,Puma German Football Jersey,436.48,Germany_DE
2026-03-10,Puma German Football Jersey,440.33,Germany_DE
2026-03-11,Puma German Football Jersey,437.1,Germany_DE
2026-03-12,Puma German Football Jersey,431.99,Germany_DE
2026-03-13,Puma German Football Jersey,448.05,Germany_DE
2026-03-14,Puma German Football Jersey,544.83,Germany_DE
2026-03-15,Puma German Football Jersey,292.4,Germany_DE
2026-03-16,Puma German Football Jersey,437.24,Germany_DE
2026-03-17,Puma German Football Jersey,441.78,Germany_DE
2026-03-18,Puma German Football Jersey,446.57,Germany_DE
2026-03-19,Puma German Football Jersey,444.48,Germany_DE
2026-03-20,Puma German Football Jersey,460.79,Germany_DE
2026-03-21,Puma German Football Jersey,506.27,Germany_DE
2026-03-22,Puma German Football Jersey,282.32,Germany_DE
2026-03-23,Puma German Football Jersey,452.98,Germany_DE
2026-03-24,Puma German Football Jersey,437.51,Germany_DE
2026-03-25,Puma German Football Jersey,467.68,Germany_DE
2026-03-26,Puma German Football Jersey,473.8,Germany_DE
2026-03-27,Puma German Football Jersey,455.47,Germany_DE
2026-03-28,Puma German Football Jersey,520.91,Germany_DE
2026-03-29,Puma German Football Jersey,335.78,Germany_DE
2026-03-30,Puma German Football Jersey,455.79,Germany_DE
2026-03-31,Puma German Football Jersey,422.36,Germany_DE
2026-04-01,Puma German Football Jersey,424.4,Germany_DE
2026-04-02,Puma German Football Jersey,482.95,Germany_DE
2026-04-03,Puma German Football Jersey,479.86,Germany_DE
2026-04-04,Puma German Football Jersey,493.89,Germany_DE
2026-04-05,Puma German Football Jersey,289.25,Germany_DE
2026-04-06,Puma German Football Jersey,476.17,Germany_DE
2026-04-07,Puma German Football Jersey,453.11,Germany_DE
2026-04-08,Puma German Football Jersey,467.62,Germany_DE
2026-04-09,Puma German Football Jersey,452.42,Germany_DE
2026-04-10,Puma German Football Jersey,466.8,Germany_DE
2026-04-11,Puma German Football Jersey,545.06,Germany_DE
2026-04-12,Puma German Football Jersey,308.2,Germany_DE
2026-04-13,Puma German Football Jersey,474.92,Germany_DE
2026-04-14,Puma German Football Jersey,457.74,Germany_DE
2026-04-15,Puma German Football Jersey,466.69,Germany_DE
2026-04-16,Puma German Football Jersey,456.71,Germany_DE
2026-04-17,Puma German Football Jersey,443.72,Germany_DE
2026-04-18,Puma German Football Jersey,576.69,Germany_DE
2026-04-19,Puma German Football Jersey,323.47,Germany_DE
2026-04-20,Puma German Football Jersey,445.89,Germany_DE
2026-04-21,Puma German Football Jersey,478.36,Germany_DE
2026-04-22,Puma German Football Jersey,426.16,Germany_DE
2026-04-23,Puma German Football Jersey,497.06,Germany_DE
2026-04-24,Puma German Football Jersey,448.48,Germany_DE
2026-04-25,Puma German Football Jersey,517.62,Germany_DE
2026-04-26,Puma German Football Jersey,352.79,Germany_DE
2026-04-27,Puma German Football Jersey,441.88,Germany_DE
2026-04-28,Puma German Football Jersey,455.66,Germany_DE
2026-04-29,Puma German Football Jersey,464.77,Germany_DE
2026-04-30,Puma German Football Jersey,473.71,Germany_DE
2026-05-01,Puma German Football Jersey,455.61,Germany_DE
2026-05-02,Puma German Football Jersey,527.43,Germany_DE
2026-05-03,Puma German Football Jersey,316.3,Germany_DE
2026-05-04,Puma German Football Jersey,439.86,Germany_DE
2026-05-05,Puma German Football Jersey,452.73,Germany_DE
2026-05-06,Puma German Football Jersey,479.8,Germany_DE
2026-05-07,Puma German Football Jersey,461.82,Germany_DE
2026-05-08,Puma German Football Jersey,450.28,Germany_DE
2026-05-09,Puma German Football Jersey,551.54,Germany_DE
2026-05-10,Puma German Football Jersey,324.38,Germany_DE
2026-05-11,Puma German Football Jersey,422.81,Germany_DE
2026-05-12,Puma German Football Jersey,444.57,Germany_DE
2026-05-13,Puma German Football Jersey,494.34,Germany_DE
2026-05-14,Puma German Football Jersey,466.68,Germany_DE
2026-05-15,Puma German Football Jersey,431.67,Germany_DE
2026-05-16,Puma German Football Jersey,520.18,Germany_DE
2026-05-17,Puma German Football Jersey,290.79,Germany_DE
2026-05-18,Puma German Football Jersey,456.92,Germany_DE
2026-05-19,Puma German Football Jersey,470.99,Germany_DE
2026-05-20,Puma German Football Jersey,449.72,Germany_DE
2026-05-21,Puma German Football Jersey,440.43,Germany_DE
2026-05-22,Puma German Football Jersey,427.61,Germany_DE
2026-05-23,Puma German Football Jersey,533.47,Germany_DE
2026-05-24,Puma German Football Jersey,281.65,Germany_DE
2026-05-25,Puma German Football Jersey,395.29,Germany_DE
2026-05-26,Puma German Football Jersey,465.89,Germany_DE
2026-05-27,Puma German Football Jersey,412.17,Germany_DE
2026-05-28,Puma German Football Jersey,424.9,Germany_DE
2026-05-29,Puma German Football Jersey,443.63,Germany_DE
2026-05-30,Puma German Football Jersey,549.48,Germany_DE
2026-05-31,Puma German Football Jersey,297.01,Germany_DE
2026-06-01,Puma German Football Jersey,403.86,Germany_DE
2026-06-02,Puma German Football Jersey,420.76,Germany_DE
2026-06-03,Puma German Football Jersey,412.25,Germany_DE
2026-06-04,Puma German Football Jersey,424.09,Germany_DE
2026-06-05,Puma German Football Jersey,448.51,Germany_DE
2026-06-06,Puma German Football Jersey,463.33,Germany_DE
2026-06-07,Puma German Football Jersey,276.85,Germany_DE
2026-06-08,Puma German Football Jersey,411.19,Germany_DE
2026-06-09,Puma German Football Jersey,394.71,Germany_DE
2026-06-10,Puma German Football Jersey,430.53,Germany_DE
2026-06-11,Puma German Football Jersey,389.48,Germany_DE
2026-06-12,Puma German Football Jersey,390.74,Germany_DE
2026-06-13,Puma German Football Jersey,523.9,Germany_DE
2026-06-14,Puma German Football Jersey,307.83,Germany_DE
2026-06-15,Puma German Football Jersey,412.03,Germany_DE
2026-06-16,Puma German Football Jersey,388.13,Germany_DE
2026-06-17,Puma German Football Jersey,397.29,Germany_DE
2026-06-18,Puma German Football Jersey,430.47,Germany_DE
2026-06-19,Puma German Football Jersey,411.55,Germany_DE
2026-06-20,Puma German Football Jersey,497.3,Germany_DE
2026-06-21,Puma German Football Jersey,276.48,Germany_DE
2026-06-22,Puma German Football Jersey,405.16,Germany_DE
2026-06-23,Puma German Football Jersey,435.71,Germany_DE
2026-06-24,Puma German Football Jersey,388.7,Germany_DE
2026-06-25,Puma German Football Jersey,385.29,Germany_DE
2026-06-26,Puma German Football Jersey,373.78,Germany_DE
2026-06-27,Puma German Football Jersey,480.73,Germany_DE
2026-06-28,Puma German Football Jersey,240.56,Germany_DE
2026-06-29,Puma German Football Jersey,402.44,Germany_DE
2026-06-30,Puma German Football Jersey,397.37,Germany_DE
2026-07-01,Puma German Football Jersey,374.24,Germany_DE
2026-07-02,Puma German Football Jersey,406.48,Germany_DE
2026-07-03,Puma German Football Jersey,423.91,Germany_DE
2026-07-04,Puma German Football Jersey,490.8,Germany_DE
2026-07-05,Puma German Football Jersey,203.65,Germany_DE
2026-07-06,Puma German Football Jersey,429.94,Germany_DE
2026-07-07,Puma German Football Jersey,404.01,Germany_DE
2026-07-08,Puma German Football Jersey,427.08,Germany_DE
2026-07-09,Puma German Football Jersey,408.65,Germany_DE
2026-07-10,Puma German Football Jersey,411.54,Germany_DE
2026-07-11,Puma German Football Jersey,479.92,Germany_DE
2026-07-12,Puma German Football Jersey,241.46,Germany_DE
2026-07-13,Puma German Football Jersey,389.88,Germany_DE
2026-07-14,Puma German Football Jersey,367.13,Germany_DE
2026-07-15,Puma German Football Jersey,388.89,Germany_DE
2026-07-16,Puma German Football Jersey,326.59,Germany_DE
2026-07-17,Puma German Football Jersey,378.91,Germany_DE
2026-07-18,Puma German Football Jersey,495.07,Germany_DE
2026-07-19,Puma German Football Jersey,240.99,Germany_DE
2026-07-20,Puma German Football Jersey,409.39,Germany_DE
2026-07-21,Puma German Football Jersey,368.51,Germany_DE
2026-07-22,Puma German Football Jersey,392.8,Germany_DE
2026-07-23,Puma German Football Jersey,354.14,Germany_DE
2026-07-24,Puma German Football Jersey,389.91,Germany_DE
2026-07-25,Puma German Football Jersey,465.51,Germany_DE
2026-07-26,Puma German Football Jersey,227.45,Germany_DE
2026-07-27,Puma German Football Jersey,316.17,Germany_DE
2026-07-28,Puma German Football Jersey,361.56,Germany_DE
2026-07-29,Puma German Football Jersey,369.94,Germany_DE
2026-07-30,Puma German Football Jersey,381.27,Germany_DE
2026-07-31,Puma German Football Jersey,394.96,Germany_DE
2026-08-01,Puma German Football Jersey,494.7,Germany_DE
2026-08-02,Puma German Football Jersey,249.98,Germany_DE
2026-08-03,Puma German Football Jersey,349.69,Germany_DE
2026-08-04,Puma German Football Jersey,353.93,Germany_DE
2026-08-05,Puma German Football Jersey,373.91,Germany_DE
2026-08-06,Puma German Football Jersey,368.64,Germany_DE
2026-08-07,Puma German Football Jersey,389.94,Germany_DE
2026-08-08,Puma German Football Jersey,497.3,Germany_DE
2026-08-09,Puma German Football Jersey,264.22,Germany_DE
2026-08-10,Puma German Football Jersey,384.72,Germany_DE
2026-08-11,Puma German Football Jersey,364.59,Germany_DE
2026-08-12,Puma German Football Jersey,380.22,Germany_DE
2026-08-13,Puma German Football Jersey,385.68,Germany_DE
2026-08-14,Puma German Football Jersey,348.74,Germany_DE
2026-08-15,Puma German Football Jersey,431.48,Germany_DE
2026-08-16,Puma German Football Jersey,198.05,Germany_DE
2026-08-17,Puma German Football Jersey,331.96,Germany_DE
2026-08-18,Puma German Football Jersey,321.14,Germany_DE
2026-08-19,Puma German Football Jersey,353.1,Germany_DE
2026-08-20,Puma German Football Jersey,327.44,Germany_DE
2026-08-21,Puma German Football Jersey,331.12,Germany_DE
2026-08-22,Puma German Football Jersey,451.38,Germany_DE
2026-08-23,Puma German Football Jersey,212.38,Germany_DE
2026-08-24,Puma German Football Jersey,353.55,Germany_DE
2026-08-25,Puma German Football Jersey,371.68,Germany_DE
2026-08-26,Puma German Football Jersey,361.12,Germany_DE
2026-08-27,Puma German Football Jersey,373.67,Germany_DE
2026-08-28,Puma German Football Jersey,344.37,Germany_DE
2026-08-29,Puma German Football Jersey,465.72,Germany_DE
2026-08-30,Puma German Football Jersey,212.2,Germany_DE
2026-08-31,Puma German Football Jersey,344.72,Germany_DE
